"prob","parents_age","child_age","gender"
0,1,0,"female"
0,2,0,"female"
0,3,0,"female"
0,4,0,"female"
0,5,0,"female"
0,6,0,"female"
0,7,0,"female"
0,8,0,"female"
0,9,0,"female"
0,10,0,"female"
0,11,0,"female"
0,12,0,"female"
0,13,0,"female"
0,14,0,"female"
0.0525931896015824,15,0,"female"
0.0525931896015824,16,0,"female"
0.0525931896015824,17,0,"female"
0.0525931896015824,18,0,"female"
0.0525931896015824,19,0,"female"
0.120261008759537,20,0,"female"
0.120261008759537,21,0,"female"
0.120261008759537,22,0,"female"
0.120261008759537,23,0,"female"
0.120261008759537,24,0,"female"
0.114417428934727,25,0,"female"
0.114417428934727,26,0,"female"
0.114417428934727,27,0,"female"
0.114417428934727,28,0,"female"
0.114417428934727,29,0,"female"
0.106479988697372,30,0,"female"
0.106479988697372,31,0,"female"
0.106479988697372,32,0,"female"
0.106479988697372,33,0,"female"
0.106479988697372,34,0,"female"
0.0696111469341622,35,0,"female"
0.0696111469341622,36,0,"female"
0.0696111469341622,37,0,"female"
0.0696111469341622,38,0,"female"
0.0696111469341622,39,0,"female"
0.0306639836111896,40,0,"female"
0.0306639836111896,41,0,"female"
0.0306639836111896,42,0,"female"
0.0306639836111896,43,0,"female"
0.0306639836111896,44,0,"female"
0.00710125572195535,45,0,"female"
0.00710125572195535,46,0,"female"
0.00710125572195535,47,0,"female"
0.00710125572195535,48,0,"female"
0.00710125572195535,49,0,"female"
0,50,0,"female"
0,51,0,"female"
0,52,0,"female"
0,53,0,"female"
0,54,0,"female"
0,55,0,"female"
0,56,0,"female"
0,57,0,"female"
0,58,0,"female"
0,59,0,"female"
0,60,0,"female"
0,61,0,"female"
0,62,0,"female"
0,63,0,"female"
0,64,0,"female"
0,65,0,"female"
0,66,0,"female"
0,67,0,"female"
0,68,0,"female"
0,69,0,"female"
0,70,0,"female"
0,71,0,"female"
0,72,0,"female"
0,73,0,"female"
0,74,0,"female"
0,75,0,"female"
0,76,0,"female"
0,77,0,"female"
0,78,0,"female"
0,79,0,"female"
0,80,0,"female"
0,81,0,"female"
0,82,0,"female"
0,83,0,"female"
0,84,0,"female"
0,85,0,"female"
0,86,0,"female"
0,87,0,"female"
0,88,0,"female"
0,89,0,"female"
0,90,0,"female"
0,91,0,"female"
0,92,0,"female"
0,93,0,"female"
0,94,0,"female"
0,95,0,"female"
0,96,0,"female"
0,97,0,"female"
0,98,0,"female"
0,99,0,"female"
0,100,0,"female"
0,1,1,"female"
0,2,1,"female"
0,3,1,"female"
0,4,1,"female"
0,5,1,"female"
0,6,1,"female"
0,7,1,"female"
0,8,1,"female"
0,9,1,"female"
0,10,1,"female"
0,11,1,"female"
0,12,1,"female"
0,13,1,"female"
0,14,1,"female"
0,15,1,"female"
0.052616219376392,16,1,"female"
0.052616219376392,17,1,"female"
0.052616219376392,18,1,"female"
0.052616219376392,19,1,"female"
0.052616219376392,20,1,"female"
0.120313669265033,21,1,"female"
0.120313669265033,22,1,"female"
0.120313669265033,23,1,"female"
0.120313669265033,24,1,"female"
0.120313669265033,25,1,"female"
0.114467530623608,26,1,"female"
0.114467530623608,27,1,"female"
0.114467530623608,28,1,"female"
0.114467530623608,29,1,"female"
0.114467530623608,30,1,"female"
0.106526614699332,31,1,"female"
0.106526614699332,32,1,"female"
0.106526614699332,33,1,"female"
0.106526614699332,34,1,"female"
0.106526614699332,35,1,"female"
0.0696416286191537,36,1,"female"
0.0696416286191537,37,1,"female"
0.0696416286191537,38,1,"female"
0.0696416286191537,39,1,"female"
0.0696416286191537,40,1,"female"
0.0306774109131403,41,1,"female"
0.0306774109131403,42,1,"female"
0.0306774109131403,43,1,"female"
0.0306774109131403,44,1,"female"
0.0306774109131403,45,1,"female"
0.00710436525612472,46,1,"female"
0.00710436525612472,47,1,"female"
0.00710436525612472,48,1,"female"
0.00710436525612472,49,1,"female"
0.00710436525612472,50,1,"female"
0,51,1,"female"
0,52,1,"female"
0,53,1,"female"
0,54,1,"female"
0,55,1,"female"
0,56,1,"female"
0,57,1,"female"
0,58,1,"female"
0,59,1,"female"
0,60,1,"female"
0,61,1,"female"
0,62,1,"female"
0,63,1,"female"
0,64,1,"female"
0,65,1,"female"
0,66,1,"female"
0,67,1,"female"
0,68,1,"female"
0,69,1,"female"
0,70,1,"female"
0,71,1,"female"
0,72,1,"female"
0,73,1,"female"
0,74,1,"female"
0,75,1,"female"
0,76,1,"female"
0,77,1,"female"
0,78,1,"female"
0,79,1,"female"
0,80,1,"female"
0,81,1,"female"
0,82,1,"female"
0,83,1,"female"
0,84,1,"female"
0,85,1,"female"
0,86,1,"female"
0,87,1,"female"
0,88,1,"female"
0,89,1,"female"
0,90,1,"female"
0,91,1,"female"
0,92,1,"female"
0,93,1,"female"
0,94,1,"female"
0,95,1,"female"
0,96,1,"female"
0,97,1,"female"
0,98,1,"female"
0,99,1,"female"
0,100,1,"female"
0,1,2,"female"
0,2,2,"female"
0,3,2,"female"
0,4,2,"female"
0,5,2,"female"
0,6,2,"female"
0,7,2,"female"
0,8,2,"female"
0,9,2,"female"
0,10,2,"female"
0,11,2,"female"
0,12,2,"female"
0,13,2,"female"
0,14,2,"female"
0,15,2,"female"
0,16,2,"female"
0.0526523122791119,17,2,"female"
0.0526523122791119,18,2,"female"
0.0526523122791119,19,2,"female"
0.0526523122791119,20,2,"female"
0.0526523122791119,21,2,"female"
0.120396200271862,22,2,"female"
0.120396200271862,23,2,"female"
0.120396200271862,24,2,"female"
0.120396200271862,25,2,"female"
0.120396200271862,26,2,"female"
0.114546051381966,27,2,"female"
0.114546051381966,28,2,"female"
0.114546051381966,29,2,"female"
0.114546051381966,30,2,"female"
0.114546051381966,31,2,"female"
0.106599688264613,32,2,"female"
0.106599688264613,33,2,"female"
0.106599688264613,34,2,"female"
0.106599688264613,35,2,"female"
0.106599688264613,36,2,"female"
0.069689400362483,37,2,"female"
0.069689400362483,38,2,"female"
0.069689400362483,39,2,"female"
0.069689400362483,40,2,"female"
0.069689400362483,41,2,"female"
0.0306984545536928,42,2,"female"
0.0306984545536928,43,2,"female"
0.0306984545536928,44,2,"female"
0.0306984545536928,45,2,"female"
0.0306984545536928,46,2,"female"
0.00710923860444042,47,2,"female"
0.00710923860444042,48,2,"female"
0.00710923860444042,49,2,"female"
0.00710923860444042,50,2,"female"
0.00710923860444042,51,2,"female"
0,52,2,"female"
0,53,2,"female"
0,54,2,"female"
0,55,2,"female"
0,56,2,"female"
0,57,2,"female"
0,58,2,"female"
0,59,2,"female"
0,60,2,"female"
0,61,2,"female"
0,62,2,"female"
0,63,2,"female"
0,64,2,"female"
0,65,2,"female"
0,66,2,"female"
0,67,2,"female"
0,68,2,"female"
0,69,2,"female"
0,70,2,"female"
0,71,2,"female"
0,72,2,"female"
0,73,2,"female"
0,74,2,"female"
0,75,2,"female"
0,76,2,"female"
0,77,2,"female"
0,78,2,"female"
0,79,2,"female"
0,80,2,"female"
0,81,2,"female"
0,82,2,"female"
0,83,2,"female"
0,84,2,"female"
0,85,2,"female"
0,86,2,"female"
0,87,2,"female"
0,88,2,"female"
0,89,2,"female"
0,90,2,"female"
0,91,2,"female"
0,92,2,"female"
0,93,2,"female"
0,94,2,"female"
0,95,2,"female"
0,96,2,"female"
0,97,2,"female"
0,98,2,"female"
0,99,2,"female"
0,100,2,"female"
0,1,3,"female"
0,2,3,"female"
0,3,3,"female"
0,4,3,"female"
0,5,3,"female"
0,6,3,"female"
0,7,3,"female"
0,8,3,"female"
0,9,3,"female"
0,10,3,"female"
0,11,3,"female"
0,12,3,"female"
0,13,3,"female"
0,14,3,"female"
0,15,3,"female"
0,16,3,"female"
0,17,3,"female"
0.052688825464191,18,3,"female"
0.052688825464191,19,3,"female"
0.052688825464191,20,3,"female"
0.052688825464191,21,3,"female"
0.052688825464191,22,3,"female"
0.120479692307692,23,3,"female"
0.120479692307692,24,3,"female"
0.120479692307692,25,3,"female"
0.120479692307692,26,3,"female"
0.120479692307692,27,3,"female"
0.114625486472149,28,3,"female"
0.114625486472149,29,3,"female"
0.114625486472149,30,3,"female"
0.114625486472149,31,3,"female"
0.114625486472149,32,3,"female"
0.106673612732095,33,3,"female"
0.106673612732095,34,3,"female"
0.106673612732095,35,3,"female"
0.106673612732095,36,3,"female"
0.106673612732095,37,3,"female"
0.0697377283819629,38,3,"female"
0.0697377283819629,39,3,"female"
0.0697377283819629,40,3,"female"
0.0697377283819629,41,3,"female"
0.0697377283819629,42,3,"female"
0.0307197432360743,43,3,"female"
0.0307197432360743,44,3,"female"
0.0307197432360743,45,3,"female"
0.0307197432360743,46,3,"female"
0.0307197432360743,47,3,"female"
0.00711416870026525,48,3,"female"
0.00711416870026525,49,3,"female"
0.00711416870026525,50,3,"female"
0.00711416870026525,51,3,"female"
0.00711416870026525,52,3,"female"
0,53,3,"female"
0,54,3,"female"
0,55,3,"female"
0,56,3,"female"
0,57,3,"female"
0,58,3,"female"
0,59,3,"female"
0,60,3,"female"
0,61,3,"female"
0,62,3,"female"
0,63,3,"female"
0,64,3,"female"
0,65,3,"female"
0,66,3,"female"
0,67,3,"female"
0,68,3,"female"
0,69,3,"female"
0,70,3,"female"
0,71,3,"female"
0,72,3,"female"
0,73,3,"female"
0,74,3,"female"
0,75,3,"female"
0,76,3,"female"
0,77,3,"female"
0,78,3,"female"
0,79,3,"female"
0,80,3,"female"
0,81,3,"female"
0,82,3,"female"
0,83,3,"female"
0,84,3,"female"
0,85,3,"female"
0,86,3,"female"
0,87,3,"female"
0,88,3,"female"
0,89,3,"female"
0,90,3,"female"
0,91,3,"female"
0,92,3,"female"
0,93,3,"female"
0,94,3,"female"
0,95,3,"female"
0,96,3,"female"
0,97,3,"female"
0,98,3,"female"
0,99,3,"female"
0,100,3,"female"
0,1,4,"female"
0,2,4,"female"
0,3,4,"female"
0,4,4,"female"
0,5,4,"female"
0,6,4,"female"
0,7,4,"female"
0,8,4,"female"
0,9,4,"female"
0,10,4,"female"
0,11,4,"female"
0,12,4,"female"
0,13,4,"female"
0,14,4,"female"
0,15,4,"female"
0,16,4,"female"
0,17,4,"female"
0,18,4,"female"
0.0527103965502222,19,4,"female"
0.0527103965502222,20,4,"female"
0.0527103965502222,21,4,"female"
0.0527103965502222,22,4,"female"
0.0527103965502222,23,4,"female"
0.120529017336005,24,4,"female"
0.120529017336005,25,4,"female"
0.120529017336005,26,4,"female"
0.120529017336005,27,4,"female"
0.120529017336005,28,4,"female"
0.114672414757383,29,4,"female"
0.114672414757383,30,4,"female"
0.114672414757383,31,4,"female"
0.114672414757383,32,4,"female"
0.114672414757383,33,4,"female"
0.106717285477829,34,4,"female"
0.106717285477829,35,4,"female"
0.106717285477829,36,4,"female"
0.106717285477829,37,4,"female"
0.106717285477829,38,4,"female"
0.0697662793797369,39,4,"female"
0.0697662793797369,40,4,"female"
0.0697662793797369,41,4,"female"
0.0697662793797369,42,4,"female"
0.0697662793797369,43,4,"female"
0.0307323200627232,44,4,"female"
0.0307323200627232,45,4,"female"
0.0307323200627232,46,4,"female"
0.0307323200627232,47,4,"female"
0.0307323200627232,48,4,"female"
0.00711708127885704,49,4,"female"
0.00711708127885704,50,4,"female"
0.00711708127885704,51,4,"female"
0.00711708127885704,52,4,"female"
0.00711708127885704,53,4,"female"
0,54,4,"female"
0,55,4,"female"
0,56,4,"female"
0,57,4,"female"
0,58,4,"female"
0,59,4,"female"
0,60,4,"female"
0,61,4,"female"
0,62,4,"female"
0,63,4,"female"
0,64,4,"female"
0,65,4,"female"
0,66,4,"female"
0,67,4,"female"
0,68,4,"female"
0,69,4,"female"
0,70,4,"female"
0,71,4,"female"
0,72,4,"female"
0,73,4,"female"
0,74,4,"female"
0,75,4,"female"
0,76,4,"female"
0,77,4,"female"
0,78,4,"female"
0,79,4,"female"
0,80,4,"female"
0,81,4,"female"
0,82,4,"female"
0,83,4,"female"
0,84,4,"female"
0,85,4,"female"
0,86,4,"female"
0,87,4,"female"
0,88,4,"female"
0,89,4,"female"
0,90,4,"female"
0,91,4,"female"
0,92,4,"female"
0,93,4,"female"
0,94,4,"female"
0,95,4,"female"
0,96,4,"female"
0,97,4,"female"
0,98,4,"female"
0,99,4,"female"
0,100,4,"female"
0,1,5,"female"
0,2,5,"female"
0,3,5,"female"
0,4,5,"female"
0,5,5,"female"
0,6,5,"female"
0,7,5,"female"
0,8,5,"female"
0,9,5,"female"
0,10,5,"female"
0,11,5,"female"
0,12,5,"female"
0,13,5,"female"
0,14,5,"female"
0,15,5,"female"
0,16,5,"female"
0,17,5,"female"
0,18,5,"female"
0,19,5,"female"
0.053975878117862,20,5,"female"
0.053975878117862,21,5,"female"
0.053975878117862,22,5,"female"
0.053975878117862,23,5,"female"
0.053975878117862,24,5,"female"
0.12342270169027,25,5,"female"
0.12342270169027,26,5,"female"
0.12342270169027,27,5,"female"
0.12342270169027,28,5,"female"
0.12342270169027,29,5,"female"
0.117425492645043,30,5,"female"
0.117425492645043,31,5,"female"
0.117425492645043,32,5,"female"
0.117425492645043,33,5,"female"
0.117425492645043,34,5,"female"
0.109279375057104,35,5,"female"
0.109279375057104,36,5,"female"
0.109279375057104,37,5,"female"
0.109279375057104,38,5,"female"
0.109279375057104,39,5,"female"
0.0714412419369575,40,5,"female"
0.0714412419369575,41,5,"female"
0.0714412419369575,42,5,"female"
0.0714412419369575,43,5,"female"
0.0714412419369575,44,5,"female"
0.0314701476473275,45,5,"female"
0.0314701476473275,46,5,"female"
0.0314701476473275,47,5,"female"
0.0314701476473275,48,5,"female"
0.0314701476473275,49,5,"female"
0.00728794956601188,50,5,"female"
0.00728794956601188,51,5,"female"
0.00728794956601188,52,5,"female"
0.00728794956601188,53,5,"female"
0.00728794956601188,54,5,"female"
0,55,5,"female"
0,56,5,"female"
0,57,5,"female"
0,58,5,"female"
0,59,5,"female"
0,60,5,"female"
0,61,5,"female"
0,62,5,"female"
0,63,5,"female"
0,64,5,"female"
0,65,5,"female"
0,66,5,"female"
0,67,5,"female"
0,68,5,"female"
0,69,5,"female"
0,70,5,"female"
0,71,5,"female"
0,72,5,"female"
0,73,5,"female"
0,74,5,"female"
0,75,5,"female"
0,76,5,"female"
0,77,5,"female"
0,78,5,"female"
0,79,5,"female"
0,80,5,"female"
0,81,5,"female"
0,82,5,"female"
0,83,5,"female"
0,84,5,"female"
0,85,5,"female"
0,86,5,"female"
0,87,5,"female"
0,88,5,"female"
0,89,5,"female"
0,90,5,"female"
0,91,5,"female"
0,92,5,"female"
0,93,5,"female"
0,94,5,"female"
0,95,5,"female"
0,96,5,"female"
0,97,5,"female"
0,98,5,"female"
0,99,5,"female"
0,100,5,"female"
0,1,6,"female"
0,2,6,"female"
0,3,6,"female"
0,4,6,"female"
0,5,6,"female"
0,6,6,"female"
0,7,6,"female"
0,8,6,"female"
0,9,6,"female"
0,10,6,"female"
0,11,6,"female"
0,12,6,"female"
0,13,6,"female"
0,14,6,"female"
0,15,6,"female"
0,16,6,"female"
0,17,6,"female"
0,18,6,"female"
0,19,6,"female"
0,20,6,"female"
0.0570891073763698,21,6,"female"
0.0570891073763698,22,6,"female"
0.0570891073763698,23,6,"female"
0.0570891073763698,24,6,"female"
0.0570891073763698,25,6,"female"
0.148236926973018,26,6,"female"
0.148236926973018,27,6,"female"
0.148236926973018,28,6,"female"
0.148236926973018,29,6,"female"
0.148236926973018,30,6,"female"
0.147234262086748,31,6,"female"
0.147234262086748,32,6,"female"
0.147234262086748,33,6,"female"
0.147234262086748,34,6,"female"
0.147234262086748,35,6,"female"
0.127206878165577,36,6,"female"
0.127206878165577,37,6,"female"
0.127206878165577,38,6,"female"
0.127206878165577,39,6,"female"
0.127206878165577,40,6,"female"
0.0841381355557602,41,6,"female"
0.0841381355557602,42,6,"female"
0.0841381355557602,43,6,"female"
0.0841381355557602,44,6,"female"
0.0841381355557602,45,6,"female"
0.0370627201399761,46,6,"female"
0.0370627201399761,47,6,"female"
0.0370627201399761,48,6,"female"
0.0370627201399761,49,6,"female"
0.0370627201399761,50,6,"female"
0.00700968404088774,51,6,"female"
0.00700968404088774,52,6,"female"
0.00700968404088774,53,6,"female"
0.00700968404088774,54,6,"female"
0.00700968404088774,55,6,"female"
0,56,6,"female"
0,57,6,"female"
0,58,6,"female"
0,59,6,"female"
0,60,6,"female"
0,61,6,"female"
0,62,6,"female"
0,63,6,"female"
0,64,6,"female"
0,65,6,"female"
0,66,6,"female"
0,67,6,"female"
0,68,6,"female"
0,69,6,"female"
0,70,6,"female"
0,71,6,"female"
0,72,6,"female"
0,73,6,"female"
0,74,6,"female"
0,75,6,"female"
0,76,6,"female"
0,77,6,"female"
0,78,6,"female"
0,79,6,"female"
0,80,6,"female"
0,81,6,"female"
0,82,6,"female"
0,83,6,"female"
0,84,6,"female"
0,85,6,"female"
0,86,6,"female"
0,87,6,"female"
0,88,6,"female"
0,89,6,"female"
0,90,6,"female"
0,91,6,"female"
0,92,6,"female"
0,93,6,"female"
0,94,6,"female"
0,95,6,"female"
0,96,6,"female"
0,97,6,"female"
0,98,6,"female"
0,99,6,"female"
0,100,6,"female"
0,1,7,"female"
0,2,7,"female"
0,3,7,"female"
0,4,7,"female"
0,5,7,"female"
0,6,7,"female"
0,7,7,"female"
0,8,7,"female"
0,9,7,"female"
0,10,7,"female"
0,11,7,"female"
0,12,7,"female"
0,13,7,"female"
0,14,7,"female"
0,15,7,"female"
0,16,7,"female"
0,17,7,"female"
0,18,7,"female"
0,19,7,"female"
0,20,7,"female"
0,21,7,"female"
0.0570876270069606,22,7,"female"
0.0570876270069606,23,7,"female"
0.0570876270069606,24,7,"female"
0.0570876270069606,25,7,"female"
0.0570876270069606,26,7,"female"
0.148233083062645,27,7,"female"
0.148233083062645,28,7,"female"
0.148233083062645,29,7,"female"
0.148233083062645,30,7,"female"
0.148233083062645,31,7,"female"
0.147230444176334,32,7,"female"
0.147230444176334,33,7,"female"
0.147230444176334,34,7,"female"
0.147230444176334,35,7,"female"
0.147230444176334,36,7,"female"
0.127203579582367,37,7,"female"
0.127203579582367,38,7,"female"
0.127203579582367,39,7,"female"
0.127203579582367,40,7,"female"
0.127203579582367,41,7,"female"
0.0841359537819026,42,7,"female"
0.0841359537819026,43,7,"female"
0.0841359537819026,44,7,"female"
0.0841359537819026,45,7,"female"
0.0841359537819026,46,7,"female"
0.0370617590719257,47,7,"female"
0.0370617590719257,48,7,"female"
0.0370617590719257,49,7,"female"
0.0370617590719257,50,7,"female"
0.0370617590719257,51,7,"female"
0.0070095022737819,52,7,"female"
0.0070095022737819,53,7,"female"
0.0070095022737819,54,7,"female"
0.0070095022737819,55,7,"female"
0.0070095022737819,56,7,"female"
0,57,7,"female"
0,58,7,"female"
0,59,7,"female"
0,60,7,"female"
0,61,7,"female"
0,62,7,"female"
0,63,7,"female"
0,64,7,"female"
0,65,7,"female"
0,66,7,"female"
0,67,7,"female"
0,68,7,"female"
0,69,7,"female"
0,70,7,"female"
0,71,7,"female"
0,72,7,"female"
0,73,7,"female"
0,74,7,"female"
0,75,7,"female"
0,76,7,"female"
0,77,7,"female"
0,78,7,"female"
0,79,7,"female"
0,80,7,"female"
0,81,7,"female"
0,82,7,"female"
0,83,7,"female"
0,84,7,"female"
0,85,7,"female"
0,86,7,"female"
0,87,7,"female"
0,88,7,"female"
0,89,7,"female"
0,90,7,"female"
0,91,7,"female"
0,92,7,"female"
0,93,7,"female"
0,94,7,"female"
0,95,7,"female"
0,96,7,"female"
0,97,7,"female"
0,98,7,"female"
0,99,7,"female"
0,100,7,"female"
0,1,8,"female"
0,2,8,"female"
0,3,8,"female"
0,4,8,"female"
0,5,8,"female"
0,6,8,"female"
0,7,8,"female"
0,8,8,"female"
0,9,8,"female"
0,10,8,"female"
0,11,8,"female"
0,12,8,"female"
0,13,8,"female"
0,14,8,"female"
0,15,8,"female"
0,16,8,"female"
0,17,8,"female"
0,18,8,"female"
0,19,8,"female"
0,20,8,"female"
0,21,8,"female"
0,22,8,"female"
0.0570862495793606,23,8,"female"
0.0570862495793606,24,8,"female"
0.0570862495793606,25,8,"female"
0.0570862495793606,26,8,"female"
0.0570862495793606,27,8,"female"
0.148229506449804,28,8,"female"
0.148229506449804,29,8,"female"
0.148229506449804,30,8,"female"
0.148229506449804,31,8,"female"
0.148229506449804,32,8,"female"
0.147226891755468,33,8,"female"
0.147226891755468,34,8,"female"
0.147226891755468,35,8,"female"
0.147226891755468,36,8,"female"
0.147226891755468,37,8,"female"
0.127200510375771,38,8,"female"
0.127200510375771,39,8,"female"
0.127200510375771,40,8,"female"
0.127200510375771,41,8,"female"
0.127200510375771,42,8,"female"
0.0841339237240606,43,8,"female"
0.0841339237240606,44,8,"female"
0.0841339237240606,45,8,"female"
0.0841339237240606,46,8,"female"
0.0841339237240606,47,8,"female"
0.0370608648345485,48,8,"female"
0.0370608648345485,49,8,"female"
0.0370608648345485,50,8,"female"
0.0370608648345485,51,8,"female"
0.0370608648345485,52,8,"female"
0.0070093331463825,53,8,"female"
0.0070093331463825,54,8,"female"
0.0070093331463825,55,8,"female"
0.0070093331463825,56,8,"female"
0.0070093331463825,57,8,"female"
0,58,8,"female"
0,59,8,"female"
0,60,8,"female"
0,61,8,"female"
0,62,8,"female"
0,63,8,"female"
0,64,8,"female"
0,65,8,"female"
0,66,8,"female"
0,67,8,"female"
0,68,8,"female"
0,69,8,"female"
0,70,8,"female"
0,71,8,"female"
0,72,8,"female"
0,73,8,"female"
0,74,8,"female"
0,75,8,"female"
0,76,8,"female"
0,77,8,"female"
0,78,8,"female"
0,79,8,"female"
0,80,8,"female"
0,81,8,"female"
0,82,8,"female"
0,83,8,"female"
0,84,8,"female"
0,85,8,"female"
0,86,8,"female"
0,87,8,"female"
0,88,8,"female"
0,89,8,"female"
0,90,8,"female"
0,91,8,"female"
0,92,8,"female"
0,93,8,"female"
0,94,8,"female"
0,95,8,"female"
0,96,8,"female"
0,97,8,"female"
0,98,8,"female"
0,99,8,"female"
0,100,8,"female"
0,1,9,"female"
0,2,9,"female"
0,3,9,"female"
0,4,9,"female"
0,5,9,"female"
0,6,9,"female"
0,7,9,"female"
0,8,9,"female"
0,9,9,"female"
0,10,9,"female"
0,11,9,"female"
0,12,9,"female"
0,13,9,"female"
0,14,9,"female"
0,15,9,"female"
0,16,9,"female"
0,17,9,"female"
0,18,9,"female"
0,19,9,"female"
0,20,9,"female"
0,21,9,"female"
0,22,9,"female"
0,23,9,"female"
0.0570850712875012,24,9,"female"
0.0570850712875012,25,9,"female"
0.0570850712875012,26,9,"female"
0.0570850712875012,27,9,"female"
0.0570850712875012,28,9,"female"
0.148226446910561,29,9,"female"
0.148226446910561,30,9,"female"
0.148226446910561,31,9,"female"
0.148226446910561,32,9,"female"
0.148226446910561,33,9,"female"
0.14722385291075,34,9,"female"
0.14722385291075,35,9,"female"
0.14722385291075,36,9,"female"
0.14722385291075,37,9,"female"
0.14722385291075,38,9,"female"
0.127197884886674,39,9,"female"
0.127197884886674,40,9,"female"
0.127197884886674,41,9,"female"
0.127197884886674,42,9,"female"
0.127197884886674,43,9,"female"
0.0841321871532023,44,9,"female"
0.0841321871532023,45,9,"female"
0.0841321871532023,46,9,"female"
0.0841321871532023,47,9,"female"
0.0841321871532023,48,9,"female"
0.0370600998777391,49,9,"female"
0.0370600998777391,50,9,"female"
0.0370600998777391,51,9,"female"
0.0370600998777391,52,9,"female"
0.0370600998777391,53,9,"female"
0.00700918846985799,54,9,"female"
0.00700918846985799,55,9,"female"
0.00700918846985799,56,9,"female"
0.00700918846985799,57,9,"female"
0.00700918846985799,58,9,"female"
0,59,9,"female"
0,60,9,"female"
0,61,9,"female"
0,62,9,"female"
0,63,9,"female"
0,64,9,"female"
0,65,9,"female"
0,66,9,"female"
0,67,9,"female"
0,68,9,"female"
0,69,9,"female"
0,70,9,"female"
0,71,9,"female"
0,72,9,"female"
0,73,9,"female"
0,74,9,"female"
0,75,9,"female"
0,76,9,"female"
0,77,9,"female"
0,78,9,"female"
0,79,9,"female"
0,80,9,"female"
0,81,9,"female"
0,82,9,"female"
0,83,9,"female"
0,84,9,"female"
0,85,9,"female"
0,86,9,"female"
0,87,9,"female"
0,88,9,"female"
0,89,9,"female"
0,90,9,"female"
0,91,9,"female"
0,92,9,"female"
0,93,9,"female"
0,94,9,"female"
0,95,9,"female"
0,96,9,"female"
0,97,9,"female"
0,98,9,"female"
0,99,9,"female"
0,100,9,"female"
0,1,10,"female"
0,2,10,"female"
0,3,10,"female"
0,4,10,"female"
0,5,10,"female"
0,6,10,"female"
0,7,10,"female"
0,8,10,"female"
0,9,10,"female"
0,10,10,"female"
0,11,10,"female"
0,12,10,"female"
0,13,10,"female"
0,14,10,"female"
0,15,10,"female"
0,16,10,"female"
0,17,10,"female"
0,18,10,"female"
0,19,10,"female"
0,20,10,"female"
0,21,10,"female"
0,22,10,"female"
0,23,10,"female"
0,24,10,"female"
0.0571183062784173,25,10,"female"
0.0571183062784173,26,10,"female"
0.0571183062784173,27,10,"female"
0.0571183062784173,28,10,"female"
0.0571183062784173,29,10,"female"
0.148312744510013,30,10,"female"
0.148312744510013,31,10,"female"
0.148312744510013,32,10,"female"
0.148312744510013,33,10,"female"
0.148312744510013,34,10,"female"
0.147309566798878,35,10,"female"
0.147309566798878,36,10,"female"
0.147309566798878,37,10,"female"
0.147309566798878,38,10,"female"
0.147309566798878,39,10,"female"
0.127271939634323,40,10,"female"
0.127271939634323,41,10,"female"
0.127271939634323,42,10,"female"
0.127271939634323,43,10,"female"
0.127271939634323,44,10,"female"
0.0841811690045468,45,10,"female"
0.0841811690045468,46,10,"female"
0.0841811690045468,47,10,"female"
0.0841811690045468,48,10,"female"
0.0841811690045468,49,10,"female"
0.0370816763084067,50,10,"female"
0.0370816763084067,51,10,"female"
0.0370816763084067,52,10,"female"
0.0370816763084067,53,10,"female"
0.0370816763084067,54,10,"female"
0.00701326922704847,55,10,"female"
0.00701326922704847,56,10,"female"
0.00701326922704847,57,10,"female"
0.00701326922704847,58,10,"female"
0.00701326922704847,59,10,"female"
0,60,10,"female"
0,61,10,"female"
0,62,10,"female"
0,63,10,"female"
0,64,10,"female"
0,65,10,"female"
0,66,10,"female"
0,67,10,"female"
0,68,10,"female"
0,69,10,"female"
0,70,10,"female"
0,71,10,"female"
0,72,10,"female"
0,73,10,"female"
0,74,10,"female"
0,75,10,"female"
0,76,10,"female"
0,77,10,"female"
0,78,10,"female"
0,79,10,"female"
0,80,10,"female"
0,81,10,"female"
0,82,10,"female"
0,83,10,"female"
0,84,10,"female"
0,85,10,"female"
0,86,10,"female"
0,87,10,"female"
0,88,10,"female"
0,89,10,"female"
0,90,10,"female"
0,91,10,"female"
0,92,10,"female"
0,93,10,"female"
0,94,10,"female"
0,95,10,"female"
0,96,10,"female"
0,97,10,"female"
0,98,10,"female"
0,99,10,"female"
0,100,10,"female"
0,1,11,"female"
0,2,11,"female"
0,3,11,"female"
0,4,11,"female"
0,5,11,"female"
0,6,11,"female"
0,7,11,"female"
0,8,11,"female"
0,9,11,"female"
0,10,11,"female"
0,11,11,"female"
0,12,11,"female"
0,13,11,"female"
0,14,11,"female"
0,15,11,"female"
0,16,11,"female"
0,17,11,"female"
0,18,11,"female"
0,19,11,"female"
0,20,11,"female"
0,21,11,"female"
0,22,11,"female"
0,23,11,"female"
0,24,11,"female"
0,25,11,"female"
0.0544283672716684,26,11,"female"
0.0544283672716684,27,11,"female"
0.0544283672716684,28,11,"female"
0.0544283672716684,29,11,"female"
0.0544283672716684,30,11,"female"
0.164285278656702,31,11,"female"
0.164285278656702,32,11,"female"
0.164285278656702,33,11,"female"
0.164285278656702,34,11,"female"
0.164285278656702,35,11,"female"
0.173348695719693,36,11,"female"
0.173348695719693,37,11,"female"
0.173348695719693,38,11,"female"
0.173348695719693,39,11,"female"
0.173348695719693,40,11,"female"
0.137071095020868,41,11,"female"
0.137071095020868,42,11,"female"
0.137071095020868,43,11,"female"
0.137071095020868,44,11,"female"
0.137071095020868,45,11,"female"
0.0846630251383092,46,11,"female"
0.0846630251383092,47,11,"female"
0.0846630251383092,48,11,"female"
0.0846630251383092,49,11,"female"
0.0846630251383092,50,11,"female"
0.0382978980879355,51,11,"female"
0.0382978980879355,52,11,"female"
0.0382978980879355,53,11,"female"
0.0382978980879355,54,11,"female"
0.0382978980879355,55,11,"female"
0.006047928758614,56,11,"female"
0.006047928758614,57,11,"female"
0.006047928758614,58,11,"female"
0.006047928758614,59,11,"female"
0.006047928758614,60,11,"female"
0,61,11,"female"
0,62,11,"female"
0,63,11,"female"
0,64,11,"female"
0,65,11,"female"
0,66,11,"female"
0,67,11,"female"
0,68,11,"female"
0,69,11,"female"
0,70,11,"female"
0,71,11,"female"
0,72,11,"female"
0,73,11,"female"
0,74,11,"female"
0,75,11,"female"
0,76,11,"female"
0,77,11,"female"
0,78,11,"female"
0,79,11,"female"
0,80,11,"female"
0,81,11,"female"
0,82,11,"female"
0,83,11,"female"
0,84,11,"female"
0,85,11,"female"
0,86,11,"female"
0,87,11,"female"
0,88,11,"female"
0,89,11,"female"
0,90,11,"female"
0,91,11,"female"
0,92,11,"female"
0,93,11,"female"
0,94,11,"female"
0,95,11,"female"
0,96,11,"female"
0,97,11,"female"
0,98,11,"female"
0,99,11,"female"
0,100,11,"female"
0,1,12,"female"
0,2,12,"female"
0,3,12,"female"
0,4,12,"female"
0,5,12,"female"
0,6,12,"female"
0,7,12,"female"
0,8,12,"female"
0,9,12,"female"
0,10,12,"female"
0,11,12,"female"
0,12,12,"female"
0,13,12,"female"
0,14,12,"female"
0,15,12,"female"
0,16,12,"female"
0,17,12,"female"
0,18,12,"female"
0,19,12,"female"
0,20,12,"female"
0,21,12,"female"
0,22,12,"female"
0,23,12,"female"
0,24,12,"female"
0,25,12,"female"
0,26,12,"female"
0.0544273314442056,27,12,"female"
0.0544273314442056,28,12,"female"
0.0544273314442056,29,12,"female"
0.0544273314442056,30,12,"female"
0.0544273314442056,31,12,"female"
0.164282152139926,32,12,"female"
0.164282152139926,33,12,"female"
0.164282152139926,34,12,"female"
0.164282152139926,35,12,"female"
0.164282152139926,36,12,"female"
0.173345396716826,37,12,"female"
0.173345396716826,38,12,"female"
0.173345396716826,39,12,"female"
0.173345396716826,40,12,"female"
0.173345396716826,41,12,"female"
0.137068486417823,42,12,"female"
0.137068486417823,43,12,"female"
0.137068486417823,44,12,"female"
0.137068486417823,45,12,"female"
0.137068486417823,46,12,"female"
0.084661413914403,47,12,"female"
0.084661413914403,48,12,"female"
0.084661413914403,49,12,"female"
0.084661413914403,50,12,"female"
0.084661413914403,51,12,"female"
0.0382971692397889,52,12,"female"
0.0382971692397889,53,12,"female"
0.0382971692397889,54,12,"female"
0.0382971692397889,55,12,"female"
0.0382971692397889,56,12,"female"
0.00604781366034786,57,12,"female"
0.00604781366034786,58,12,"female"
0.00604781366034786,59,12,"female"
0.00604781366034786,60,12,"female"
0.00604781366034786,61,12,"female"
0,62,12,"female"
0,63,12,"female"
0,64,12,"female"
0,65,12,"female"
0,66,12,"female"
0,67,12,"female"
0,68,12,"female"
0,69,12,"female"
0,70,12,"female"
0,71,12,"female"
0,72,12,"female"
0,73,12,"female"
0,74,12,"female"
0,75,12,"female"
0,76,12,"female"
0,77,12,"female"
0,78,12,"female"
0,79,12,"female"
0,80,12,"female"
0,81,12,"female"
0,82,12,"female"
0,83,12,"female"
0,84,12,"female"
0,85,12,"female"
0,86,12,"female"
0,87,12,"female"
0,88,12,"female"
0,89,12,"female"
0,90,12,"female"
0,91,12,"female"
0,92,12,"female"
0,93,12,"female"
0,94,12,"female"
0,95,12,"female"
0,96,12,"female"
0,97,12,"female"
0,98,12,"female"
0,99,12,"female"
0,100,12,"female"
0,1,13,"female"
0,2,13,"female"
0,3,13,"female"
0,4,13,"female"
0,5,13,"female"
0,6,13,"female"
0,7,13,"female"
0,8,13,"female"
0,9,13,"female"
0,10,13,"female"
0,11,13,"female"
0,12,13,"female"
0,13,13,"female"
0,14,13,"female"
0,15,13,"female"
0,16,13,"female"
0,17,13,"female"
0,18,13,"female"
0,19,13,"female"
0,20,13,"female"
0,21,13,"female"
0,22,13,"female"
0,23,13,"female"
0,24,13,"female"
0,25,13,"female"
0,26,13,"female"
0,27,13,"female"
0.0544258514353359,28,13,"female"
0.0544258514353359,29,13,"female"
0.0544258514353359,30,13,"female"
0.0544258514353359,31,13,"female"
0.0544258514353359,32,13,"female"
0.164277684916642,33,13,"female"
0.164277684916642,34,13,"female"
0.164277684916642,35,13,"female"
0.164277684916642,36,13,"female"
0.164277684916642,37,13,"female"
0.17334068304232,38,13,"female"
0.17334068304232,39,13,"female"
0.17334068304232,40,13,"female"
0.17334068304232,41,13,"female"
0.17334068304232,42,13,"female"
0.137064759198974,43,13,"female"
0.137064759198974,44,13,"female"
0.137064759198974,45,13,"female"
0.137064759198974,46,13,"female"
0.137064759198974,47,13,"female"
0.0846591117687679,48,13,"female"
0.0846591117687679,49,13,"female"
0.0846591117687679,50,13,"female"
0.0846591117687679,51,13,"female"
0.0846591117687679,52,13,"female"
0.0382961278484759,53,13,"female"
0.0382961278484759,54,13,"female"
0.0382961278484759,55,13,"female"
0.0382961278484759,56,13,"female"
0.0382961278484759,57,13,"female"
0.00604764920587945,58,13,"female"
0.00604764920587945,59,13,"female"
0.00604764920587945,60,13,"female"
0.00604764920587945,61,13,"female"
0.00604764920587945,62,13,"female"
0,63,13,"female"
0,64,13,"female"
0,65,13,"female"
0,66,13,"female"
0,67,13,"female"
0,68,13,"female"
0,69,13,"female"
0,70,13,"female"
0,71,13,"female"
0,72,13,"female"
0,73,13,"female"
0,74,13,"female"
0,75,13,"female"
0,76,13,"female"
0,77,13,"female"
0,78,13,"female"
0,79,13,"female"
0,80,13,"female"
0,81,13,"female"
0,82,13,"female"
0,83,13,"female"
0,84,13,"female"
0,85,13,"female"
0,86,13,"female"
0,87,13,"female"
0,88,13,"female"
0,89,13,"female"
0,90,13,"female"
0,91,13,"female"
0,92,13,"female"
0,93,13,"female"
0,94,13,"female"
0,95,13,"female"
0,96,13,"female"
0,97,13,"female"
0,98,13,"female"
0,99,13,"female"
0,100,13,"female"
0,1,14,"female"
0,2,14,"female"
0,3,14,"female"
0,4,14,"female"
0,5,14,"female"
0,6,14,"female"
0,7,14,"female"
0,8,14,"female"
0,9,14,"female"
0,10,14,"female"
0,11,14,"female"
0,12,14,"female"
0,13,14,"female"
0,14,14,"female"
0,15,14,"female"
0,16,14,"female"
0,17,14,"female"
0,18,14,"female"
0,19,14,"female"
0,20,14,"female"
0,21,14,"female"
0,22,14,"female"
0,23,14,"female"
0,24,14,"female"
0,25,14,"female"
0,26,14,"female"
0,27,14,"female"
0,28,14,"female"
0.054424075426519,29,14,"female"
0.054424075426519,30,14,"female"
0.054424075426519,31,14,"female"
0.054424075426519,32,14,"female"
0.054424075426519,33,14,"female"
0.164272324254215,34,14,"female"
0.164272324254215,35,14,"female"
0.164272324254215,36,14,"female"
0.164272324254215,37,14,"female"
0.164272324254215,38,14,"female"
0.173335026638731,39,14,"female"
0.173335026638731,40,14,"female"
0.173335026638731,41,14,"female"
0.173335026638731,42,14,"female"
0.173335026638731,43,14,"female"
0.137060286540956,44,14,"female"
0.137060286540956,45,14,"female"
0.137060286540956,46,14,"female"
0.137060286540956,47,14,"female"
0.137060286540956,48,14,"female"
0.0846563491968473,49,14,"female"
0.0846563491968473,50,14,"female"
0.0846563491968473,51,14,"female"
0.0846563491968473,52,14,"female"
0.0846563491968473,53,14,"female"
0.0382948781801856,54,14,"female"
0.0382948781801856,55,14,"female"
0.0382948781801856,56,14,"female"
0.0382948781801856,57,14,"female"
0.0382948781801856,58,14,"female"
0.00604745186072034,59,14,"female"
0.00604745186072034,60,14,"female"
0.00604745186072034,61,14,"female"
0.00604745186072034,62,14,"female"
0.00604745186072034,63,14,"female"
0,64,14,"female"
0,65,14,"female"
0,66,14,"female"
0,67,14,"female"
0,68,14,"female"
0,69,14,"female"
0,70,14,"female"
0,71,14,"female"
0,72,14,"female"
0,73,14,"female"
0,74,14,"female"
0,75,14,"female"
0,76,14,"female"
0,77,14,"female"
0,78,14,"female"
0,79,14,"female"
0,80,14,"female"
0,81,14,"female"
0,82,14,"female"
0,83,14,"female"
0,84,14,"female"
0,85,14,"female"
0,86,14,"female"
0,87,14,"female"
0,88,14,"female"
0,89,14,"female"
0,90,14,"female"
0,91,14,"female"
0,92,14,"female"
0,93,14,"female"
0,94,14,"female"
0,95,14,"female"
0,96,14,"female"
0,97,14,"female"
0,98,14,"female"
0,99,14,"female"
0,100,14,"female"
0,1,15,"female"
0,2,15,"female"
0,3,15,"female"
0,4,15,"female"
0,5,15,"female"
0,6,15,"female"
0,7,15,"female"
0,8,15,"female"
0,9,15,"female"
0,10,15,"female"
0,11,15,"female"
0,12,15,"female"
0,13,15,"female"
0,14,15,"female"
0,15,15,"female"
0,16,15,"female"
0,17,15,"female"
0,18,15,"female"
0,19,15,"female"
0,20,15,"female"
0,21,15,"female"
0,22,15,"female"
0,23,15,"female"
0,24,15,"female"
0,25,15,"female"
0,26,15,"female"
0,27,15,"female"
0,28,15,"female"
0,29,15,"female"
0.0542771727989488,30,15,"female"
0.0542771727989488,31,15,"female"
0.0542771727989488,32,15,"female"
0.0542771727989488,33,15,"female"
0.0542771727989488,34,15,"female"
0.163828916885677,35,15,"female"
0.163828916885677,36,15,"female"
0.163828916885677,37,15,"female"
0.163828916885677,38,15,"female"
0.163828916885677,39,15,"female"
0.172867157030223,40,15,"female"
0.172867157030223,41,15,"female"
0.172867157030223,42,15,"female"
0.172867157030223,43,15,"female"
0.172867157030223,44,15,"female"
0.136690330486202,45,15,"female"
0.136690330486202,46,15,"female"
0.136690330486202,47,15,"female"
0.136690330486202,48,15,"female"
0.136690330486202,49,15,"female"
0.0844278429697766,50,15,"female"
0.0844278429697766,51,15,"female"
0.0844278429697766,52,15,"female"
0.0844278429697766,53,15,"female"
0.0844278429697766,54,15,"female"
0.038191511826544,55,15,"female"
0.038191511826544,56,15,"female"
0.038191511826544,57,15,"female"
0.038191511826544,58,15,"female"
0.038191511826544,59,15,"female"
0.00603112844940867,60,15,"female"
0.00603112844940867,61,15,"female"
0.00603112844940867,62,15,"female"
0.00603112844940867,63,15,"female"
0.00603112844940867,64,15,"female"
0,65,15,"female"
0,66,15,"female"
0,67,15,"female"
0,68,15,"female"
0,69,15,"female"
0,70,15,"female"
0,71,15,"female"
0,72,15,"female"
0,73,15,"female"
0,74,15,"female"
0,75,15,"female"
0,76,15,"female"
0,77,15,"female"
0,78,15,"female"
0,79,15,"female"
0,80,15,"female"
0,81,15,"female"
0,82,15,"female"
0,83,15,"female"
0,84,15,"female"
0,85,15,"female"
0,86,15,"female"
0,87,15,"female"
0,88,15,"female"
0,89,15,"female"
0,90,15,"female"
0,91,15,"female"
0,92,15,"female"
0,93,15,"female"
0,94,15,"female"
0,95,15,"female"
0,96,15,"female"
0,97,15,"female"
0,98,15,"female"
0,99,15,"female"
0,100,15,"female"
0,1,16,"female"
0,2,16,"female"
0,3,16,"female"
0,4,16,"female"
0,5,16,"female"
0,6,16,"female"
0,7,16,"female"
0,8,16,"female"
0,9,16,"female"
0,10,16,"female"
0,11,16,"female"
0,12,16,"female"
0,13,16,"female"
0,14,16,"female"
0,15,16,"female"
0,16,16,"female"
0,17,16,"female"
0,18,16,"female"
0,19,16,"female"
0,20,16,"female"
0,21,16,"female"
0,22,16,"female"
0,23,16,"female"
0,24,16,"female"
0,25,16,"female"
0,26,16,"female"
0,27,16,"female"
0,28,16,"female"
0,29,16,"female"
0,30,16,"female"
0.0535653625,31,16,"female"
0.0535653625,32,16,"female"
0.0535653625,33,16,"female"
0.0535653625,34,16,"female"
0.0535653625,35,16,"female"
0.183579092633929,36,16,"female"
0.183579092633929,37,16,"female"
0.183579092633929,38,16,"female"
0.183579092633929,39,16,"female"
0.183579092633929,40,16,"female"
0.200134321428571,41,16,"female"
0.200134321428571,42,16,"female"
0.200134321428571,43,16,"female"
0.200134321428571,44,16,"female"
0.200134321428571,45,16,"female"
0.148629165178571,46,16,"female"
0.148629165178571,47,16,"female"
0.148629165178571,48,16,"female"
0.148629165178571,49,16,"female"
0.148629165178571,50,16,"female"
0.100508633482143,51,16,"female"
0.100508633482143,52,16,"female"
0.100508633482143,53,16,"female"
0.100508633482143,54,16,"female"
0.100508633482143,55,16,"female"
0.0440001191964286,56,16,"female"
0.0440001191964286,57,16,"female"
0.0440001191964286,58,16,"female"
0.0440001191964286,59,16,"female"
0.0440001191964286,60,16,"female"
0.00537125200892857,61,16,"female"
0.00537125200892857,62,16,"female"
0.00537125200892857,63,16,"female"
0.00537125200892857,64,16,"female"
0.00537125200892857,65,16,"female"
0,66,16,"female"
0,67,16,"female"
0,68,16,"female"
0,69,16,"female"
0,70,16,"female"
0,71,16,"female"
0,72,16,"female"
0,73,16,"female"
0,74,16,"female"
0,75,16,"female"
0,76,16,"female"
0,77,16,"female"
0,78,16,"female"
0,79,16,"female"
0,80,16,"female"
0,81,16,"female"
0,82,16,"female"
0,83,16,"female"
0,84,16,"female"
0,85,16,"female"
0,86,16,"female"
0,87,16,"female"
0,88,16,"female"
0,89,16,"female"
0,90,16,"female"
0,91,16,"female"
0,92,16,"female"
0,93,16,"female"
0,94,16,"female"
0,95,16,"female"
0,96,16,"female"
0,97,16,"female"
0,98,16,"female"
0,99,16,"female"
0,100,16,"female"
0,1,17,"female"
0,2,17,"female"
0,3,17,"female"
0,4,17,"female"
0,5,17,"female"
0,6,17,"female"
0,7,17,"female"
0,8,17,"female"
0,9,17,"female"
0,10,17,"female"
0,11,17,"female"
0,12,17,"female"
0,13,17,"female"
0,14,17,"female"
0,15,17,"female"
0,16,17,"female"
0,17,17,"female"
0,18,17,"female"
0,19,17,"female"
0,20,17,"female"
0,21,17,"female"
0,22,17,"female"
0,23,17,"female"
0,24,17,"female"
0,25,17,"female"
0,26,17,"female"
0,27,17,"female"
0,28,17,"female"
0,29,17,"female"
0,30,17,"female"
0,31,17,"female"
0.0535589334548769,32,17,"female"
0.0535589334548769,33,17,"female"
0.0535589334548769,34,17,"female"
0.0535589334548769,35,17,"female"
0.0535589334548769,36,17,"female"
0.183557059024613,37,17,"female"
0.183557059024613,38,17,"female"
0.183557059024613,39,17,"female"
0.183557059024613,40,17,"female"
0.183557059024613,41,17,"female"
0.200110300820419,42,17,"female"
0.200110300820419,43,17,"female"
0.200110300820419,44,17,"female"
0.200110300820419,45,17,"female"
0.200110300820419,46,17,"female"
0.148611326344576,47,17,"female"
0.148611326344576,48,17,"female"
0.148611326344576,49,17,"female"
0.148611326344576,50,17,"female"
0.148611326344576,51,17,"female"
0.100496570191431,52,17,"female"
0.100496570191431,53,17,"female"
0.100496570191431,54,17,"female"
0.100496570191431,55,17,"female"
0.100496570191431,56,17,"female"
0.0439948381950775,57,17,"female"
0.0439948381950775,58,17,"female"
0.0439948381950775,59,17,"female"
0.0439948381950775,60,17,"female"
0.0439948381950775,61,17,"female"
0.00537060733819508,62,17,"female"
0.00537060733819508,63,17,"female"
0.00537060733819508,64,17,"female"
0.00537060733819508,65,17,"female"
0.00537060733819508,66,17,"female"
0,67,17,"female"
0,68,17,"female"
0,69,17,"female"
0,70,17,"female"
0,71,17,"female"
0,72,17,"female"
0,73,17,"female"
0,74,17,"female"
0,75,17,"female"
0,76,17,"female"
0,77,17,"female"
0,78,17,"female"
0,79,17,"female"
0,80,17,"female"
0,81,17,"female"
0,82,17,"female"
0,83,17,"female"
0,84,17,"female"
0,85,17,"female"
0,86,17,"female"
0,87,17,"female"
0,88,17,"female"
0,89,17,"female"
0,90,17,"female"
0,91,17,"female"
0,92,17,"female"
0,93,17,"female"
0,94,17,"female"
0,95,17,"female"
0,96,17,"female"
0,97,17,"female"
0,98,17,"female"
0,99,17,"female"
0,100,17,"female"
0,1,0,"male"
0,2,0,"male"
0,3,0,"male"
0,4,0,"male"
0,5,0,"male"
0,6,0,"male"
0,7,0,"male"
0,8,0,"male"
0,9,0,"male"
0,10,0,"male"
0,11,0,"male"
0,12,0,"male"
0,13,0,"male"
0,14,0,"male"
0.00954797417803847,15,0,"male"
0.00954797417803847,16,0,"male"
0.00954797417803847,17,0,"male"
0.00954797417803847,18,0,"male"
0.00954797417803847,19,0,"male"
0.0612206737113431,20,0,"male"
0.0612206737113431,21,0,"male"
0.0612206737113431,22,0,"male"
0.0612206737113431,23,0,"male"
0.0612206737113431,24,0,"male"
0.0904393220674199,25,0,"male"
0.0904393220674199,26,0,"male"
0.0904393220674199,27,0,"male"
0.0904393220674199,28,0,"male"
0.0904393220674199,29,0,"male"
0.0870319950468411,30,0,"male"
0.0870319950468411,31,0,"male"
0.0870319950468411,32,0,"male"
0.0870319950468411,33,0,"male"
0.0870319950468411,34,0,"male"
0.0653406746731828,35,0,"male"
0.0653406746731828,36,0,"male"
0.0653406746731828,37,0,"male"
0.0653406746731828,38,0,"male"
0.0653406746731828,39,0,"male"
0.0370493855656388,40,0,"male"
0.0370493855656388,41,0,"male"
0.0370493855656388,42,0,"male"
0.0370493855656388,43,0,"male"
0.0370493855656388,44,0,"male"
0.0175395437165752,45,0,"male"
0.0175395437165752,46,0,"male"
0.0175395437165752,47,0,"male"
0.0175395437165752,48,0,"male"
0.0175395437165752,49,0,"male"
0.00718239795918367,50,0,"male"
0.00718239795918367,51,0,"male"
0.00718239795918367,52,0,"male"
0.00718239795918367,53,0,"male"
0.00718239795918367,54,0,"male"
0.00323279033105623,55,0,"male"
0.00323279033105623,56,0,"male"
0.00323279033105623,57,0,"male"
0.00323279033105623,58,0,"male"
0.00323279033105623,59,0,"male"
0.00176183844011142,60,0,"male"
0.00176183844011142,61,0,"male"
0.00176183844011142,62,0,"male"
0.00176183844011142,63,0,"male"
0.00176183844011142,64,0,"male"
0.000683608058608059,65,0,"male"
0.000683608058608059,66,0,"male"
0.000683608058608059,67,0,"male"
0.000683608058608059,68,0,"male"
0.000683608058608059,69,0,"male"
0.000683608058608059,70,0,"male"
0.000683608058608059,71,0,"male"
0.000683608058608059,72,0,"male"
0.000683608058608059,73,0,"male"
0.000683608058608059,74,0,"male"
0.000683608058608059,75,0,"male"
0.000683608058608059,76,0,"male"
0.000683608058608059,77,0,"male"
0.000683608058608059,78,0,"male"
0.000683608058608059,79,0,"male"
0.000683608058608059,80,0,"male"
0.000683608058608059,81,0,"male"
0.000683608058608059,82,0,"male"
0.000683608058608059,83,0,"male"
0.000683608058608059,84,0,"male"
0.000683608058608059,85,0,"male"
0.000683608058608059,86,0,"male"
0.000683608058608059,87,0,"male"
0.000683608058608059,88,0,"male"
0.000683608058608059,89,0,"male"
0.000683608058608059,90,0,"male"
0.000683608058608059,91,0,"male"
0.000683608058608059,92,0,"male"
0.000683608058608059,93,0,"male"
0.000683608058608059,94,0,"male"
0.000683608058608059,95,0,"male"
0.000683608058608059,96,0,"male"
0.000683608058608059,97,0,"male"
0.000683608058608059,98,0,"male"
0.000683608058608059,99,0,"male"
0.000683608058608059,100,0,"male"
0,1,1,"male"
0,2,1,"male"
0,3,1,"male"
0,4,1,"male"
0,5,1,"male"
0,6,1,"male"
0,7,1,"male"
0,8,1,"male"
0,9,1,"male"
0,10,1,"male"
0,11,1,"male"
0,12,1,"male"
0,13,1,"male"
0,14,1,"male"
0,15,1,"male"
0.00955215509379722,16,1,"male"
0.00955215509379722,17,1,"male"
0.00955215509379722,18,1,"male"
0.00955215509379722,19,1,"male"
0.00955215509379722,20,1,"male"
0.0612474813330132,21,1,"male"
0.0612474813330132,22,1,"male"
0.0612474813330132,23,1,"male"
0.0612474813330132,24,1,"male"
0.0612474813330132,25,1,"male"
0.0904789241002482,26,1,"male"
0.0904789241002482,27,1,"male"
0.0904789241002482,28,1,"male"
0.0904789241002482,29,1,"male"
0.0904789241002482,30,1,"male"
0.0870701050618896,31,1,"male"
0.0870701050618896,32,1,"male"
0.0870701050618896,33,1,"male"
0.0870701050618896,34,1,"male"
0.0870701050618896,35,1,"male"
0.0653692863819426,36,1,"male"
0.0653692863819426,37,1,"male"
0.0653692863819426,38,1,"male"
0.0653692863819426,39,1,"male"
0.0653692863819426,40,1,"male"
0.0370656089400505,41,1,"male"
0.0370656089400505,42,1,"male"
0.0370656089400505,43,1,"male"
0.0370656089400505,44,1,"male"
0.0370656089400505,45,1,"male"
0.0175472240216701,46,1,"male"
0.0175472240216701,47,1,"male"
0.0175472240216701,48,1,"male"
0.0175472240216701,49,1,"male"
0.0175472240216701,50,1,"male"
0.00718239795918367,51,1,"male"
0.00718239795918367,52,1,"male"
0.00718239795918367,53,1,"male"
0.00718239795918367,54,1,"male"
0.00718239795918367,55,1,"male"
0.00323279033105623,56,1,"male"
0.00323279033105623,57,1,"male"
0.00323279033105623,58,1,"male"
0.00323279033105623,59,1,"male"
0.00323279033105623,60,1,"male"
0.00176183844011142,61,1,"male"
0.00176183844011142,62,1,"male"
0.00176183844011142,63,1,"male"
0.00176183844011142,64,1,"male"
0.00176183844011142,65,1,"male"
0.000683608058608059,66,1,"male"
0.000683608058608059,67,1,"male"
0.000683608058608059,68,1,"male"
0.000683608058608059,69,1,"male"
0.000683608058608059,70,1,"male"
0.000683608058608059,71,1,"male"
0.000683608058608059,72,1,"male"
0.000683608058608059,73,1,"male"
0.000683608058608059,74,1,"male"
0.000683608058608059,75,1,"male"
0.000683608058608059,76,1,"male"
0.000683608058608059,77,1,"male"
0.000683608058608059,78,1,"male"
0.000683608058608059,79,1,"male"
0.000683608058608059,80,1,"male"
0.000683608058608059,81,1,"male"
0.000683608058608059,82,1,"male"
0.000683608058608059,83,1,"male"
0.000683608058608059,84,1,"male"
0.000683608058608059,85,1,"male"
0.000683608058608059,86,1,"male"
0.000683608058608059,87,1,"male"
0.000683608058608059,88,1,"male"
0.000683608058608059,89,1,"male"
0.000683608058608059,90,1,"male"
0.000683608058608059,91,1,"male"
0.000683608058608059,92,1,"male"
0.000683608058608059,93,1,"male"
0.000683608058608059,94,1,"male"
0.000683608058608059,95,1,"male"
0.000683608058608059,96,1,"male"
0.000683608058608059,97,1,"male"
0.000683608058608059,98,1,"male"
0.000683608058608059,99,1,"male"
0.000683608058608059,100,1,"male"
0,1,2,"male"
0,2,2,"male"
0,3,2,"male"
0,4,2,"male"
0,5,2,"male"
0,6,2,"male"
0,7,2,"male"
0,8,2,"male"
0,9,2,"male"
0,10,2,"male"
0,11,2,"male"
0,12,2,"male"
0,13,2,"male"
0,14,2,"male"
0,15,2,"male"
0,16,2,"male"
0.00955870754109679,17,2,"male"
0.00955870754109679,18,2,"male"
0.00955870754109679,19,2,"male"
0.00955870754109679,20,2,"male"
0.00955870754109679,21,2,"male"
0.0612894949822605,22,2,"male"
0.0612894949822605,23,2,"male"
0.0612894949822605,24,2,"male"
0.0612894949822605,25,2,"male"
0.0612894949822605,26,2,"male"
0.0905409895060196,27,2,"male"
0.0905409895060196,28,2,"male"
0.0905409895060196,29,2,"male"
0.0905409895060196,30,2,"male"
0.0905409895060196,31,2,"male"
0.0871298321359564,32,2,"male"
0.0871298321359564,33,2,"male"
0.0871298321359564,34,2,"male"
0.0871298321359564,35,2,"male"
0.0871298321359564,36,2,"male"
0.0654141274465842,37,2,"male"
0.0654141274465842,38,2,"male"
0.0654141274465842,39,2,"male"
0.0654141274465842,40,2,"male"
0.0654141274465842,41,2,"male"
0.0370910346630231,42,2,"male"
0.0370910346630231,43,2,"male"
0.0370910346630231,44,2,"male"
0.0370910346630231,45,2,"male"
0.0370910346630231,46,2,"male"
0.0175592608091308,47,2,"male"
0.0175592608091308,48,2,"male"
0.0175592608091308,49,2,"male"
0.0175592608091308,50,2,"male"
0.0175592608091308,51,2,"male"
0.00718239795918367,52,2,"male"
0.00718239795918367,53,2,"male"
0.00718239795918367,54,2,"male"
0.00718239795918367,55,2,"male"
0.00718239795918367,56,2,"male"
0.00323279033105623,57,2,"male"
0.00323279033105623,58,2,"male"
0.00323279033105623,59,2,"male"
0.00323279033105623,60,2,"male"
0.00323279033105623,61,2,"male"
0.00176183844011142,62,2,"male"
0.00176183844011142,63,2,"male"
0.00176183844011142,64,2,"male"
0.00176183844011142,65,2,"male"
0.00176183844011142,66,2,"male"
0.000683608058608059,67,2,"male"
0.000683608058608059,68,2,"male"
0.000683608058608059,69,2,"male"
0.000683608058608059,70,2,"male"
0.000683608058608059,71,2,"male"
0.000683608058608059,72,2,"male"
0.000683608058608059,73,2,"male"
0.000683608058608059,74,2,"male"
0.000683608058608059,75,2,"male"
0.000683608058608059,76,2,"male"
0.000683608058608059,77,2,"male"
0.000683608058608059,78,2,"male"
0.000683608058608059,79,2,"male"
0.000683608058608059,80,2,"male"
0.000683608058608059,81,2,"male"
0.000683608058608059,82,2,"male"
0.000683608058608059,83,2,"male"
0.000683608058608059,84,2,"male"
0.000683608058608059,85,2,"male"
0.000683608058608059,86,2,"male"
0.000683608058608059,87,2,"male"
0.000683608058608059,88,2,"male"
0.000683608058608059,89,2,"male"
0.000683608058608059,90,2,"male"
0.000683608058608059,91,2,"male"
0.000683608058608059,92,2,"male"
0.000683608058608059,93,2,"male"
0.000683608058608059,94,2,"male"
0.000683608058608059,95,2,"male"
0.000683608058608059,96,2,"male"
0.000683608058608059,97,2,"male"
0.000683608058608059,98,2,"male"
0.000683608058608059,99,2,"male"
0.000683608058608059,100,2,"male"
0,1,3,"male"
0,2,3,"male"
0,3,3,"male"
0,4,3,"male"
0,5,3,"male"
0,6,3,"male"
0,7,3,"male"
0,8,3,"male"
0,9,3,"male"
0,10,3,"male"
0,11,3,"male"
0,12,3,"male"
0,13,3,"male"
0,14,3,"male"
0,15,3,"male"
0,16,3,"male"
0,17,3,"male"
0.00956533628810631,18,3,"male"
0.00956533628810631,19,3,"male"
0.00956533628810631,20,3,"male"
0.00956533628810631,21,3,"male"
0.00956533628810631,22,3,"male"
0.0613319978577624,23,3,"male"
0.0613319978577624,24,3,"male"
0.0613319978577624,25,3,"male"
0.0613319978577624,26,3,"male"
0.0613319978577624,27,3,"male"
0.090603777629921,28,3,"male"
0.090603777629921,29,3,"male"
0.090603777629921,30,3,"male"
0.090603777629921,31,3,"male"
0.090603777629921,32,3,"male"
0.0871902546995435,33,3,"male"
0.0871902546995435,34,3,"male"
0.0871902546995435,35,3,"male"
0.0871902546995435,36,3,"male"
0.0871902546995435,37,3,"male"
0.0654594906612059,38,3,"male"
0.0654594906612059,39,3,"male"
0.0654594906612059,40,3,"male"
0.0654594906612059,41,3,"male"
0.0654594906612059,42,3,"male"
0.0371167564548077,43,3,"male"
0.0371167564548077,44,3,"male"
0.0371167564548077,45,3,"male"
0.0371167564548077,46,3,"male"
0.0371167564548077,47,3,"male"
0.0175714377584807,48,3,"male"
0.0175714377584807,49,3,"male"
0.0175714377584807,50,3,"male"
0.0175714377584807,51,3,"male"
0.0175714377584807,52,3,"male"
0.00718239795918367,53,3,"male"
0.00718239795918367,54,3,"male"
0.00718239795918367,55,3,"male"
0.00718239795918367,56,3,"male"
0.00718239795918367,57,3,"male"
0.00323279033105623,58,3,"male"
0.00323279033105623,59,3,"male"
0.00323279033105623,60,3,"male"
0.00323279033105623,61,3,"male"
0.00323279033105623,62,3,"male"
0.00176183844011142,63,3,"male"
0.00176183844011142,64,3,"male"
0.00176183844011142,65,3,"male"
0.00176183844011142,66,3,"male"
0.00176183844011142,67,3,"male"
0.000683608058608059,68,3,"male"
0.000683608058608059,69,3,"male"
0.000683608058608059,70,3,"male"
0.000683608058608059,71,3,"male"
0.000683608058608059,72,3,"male"
0.000683608058608059,73,3,"male"
0.000683608058608059,74,3,"male"
0.000683608058608059,75,3,"male"
0.000683608058608059,76,3,"male"
0.000683608058608059,77,3,"male"
0.000683608058608059,78,3,"male"
0.000683608058608059,79,3,"male"
0.000683608058608059,80,3,"male"
0.000683608058608059,81,3,"male"
0.000683608058608059,82,3,"male"
0.000683608058608059,83,3,"male"
0.000683608058608059,84,3,"male"
0.000683608058608059,85,3,"male"
0.000683608058608059,86,3,"male"
0.000683608058608059,87,3,"male"
0.000683608058608059,88,3,"male"
0.000683608058608059,89,3,"male"
0.000683608058608059,90,3,"male"
0.000683608058608059,91,3,"male"
0.000683608058608059,92,3,"male"
0.000683608058608059,93,3,"male"
0.000683608058608059,94,3,"male"
0.000683608058608059,95,3,"male"
0.000683608058608059,96,3,"male"
0.000683608058608059,97,3,"male"
0.000683608058608059,98,3,"male"
0.000683608058608059,99,3,"male"
0.000683608058608059,100,3,"male"
0,1,4,"male"
0,2,4,"male"
0,3,4,"male"
0,4,4,"male"
0,5,4,"male"
0,6,4,"male"
0,7,4,"male"
0,8,4,"male"
0,9,4,"male"
0,10,4,"male"
0,11,4,"male"
0,12,4,"male"
0,13,4,"male"
0,14,4,"male"
0,15,4,"male"
0,16,4,"male"
0,17,4,"male"
0,18,4,"male"
0.00957527876787037,19,4,"male"
0.00957527876787037,20,4,"male"
0.00957527876787037,21,4,"male"
0.00957527876787037,22,4,"male"
0.00957527876787037,23,4,"male"
0.0641859289215976,24,4,"male"
0.0641859289215976,25,4,"male"
0.0641859289215976,26,4,"male"
0.0641859289215976,27,4,"male"
0.0641859289215976,28,4,"male"
0.0944764963668224,29,4,"male"
0.0944764963668224,30,4,"male"
0.0944764963668224,31,4,"male"
0.0944764963668224,32,4,"male"
0.0944764963668224,33,4,"male"
0.0901192284905925,34,4,"male"
0.0901192284905925,35,4,"male"
0.0901192284905925,36,4,"male"
0.0901192284905925,37,4,"male"
0.0901192284905925,38,4,"male"
0.0682652784806022,39,4,"male"
0.0682652784806022,40,4,"male"
0.0682652784806022,41,4,"male"
0.0682652784806022,42,4,"male"
0.0682652784806022,43,4,"male"
0.0391119317363174,44,4,"male"
0.0391119317363174,45,4,"male"
0.0391119317363174,46,4,"male"
0.0391119317363174,47,4,"male"
0.0391119317363174,48,4,"male"
0.0185230051187016,49,4,"male"
0.0185230051187016,50,4,"male"
0.0185230051187016,51,4,"male"
0.0185230051187016,52,4,"male"
0.0185230051187016,53,4,"male"
0.00773787680209699,54,4,"male"
0.00773787680209699,55,4,"male"
0.00773787680209699,56,4,"male"
0.00773787680209699,57,4,"male"
0.00773787680209699,58,4,"male"
0.00355056787452677,59,4,"male"
0.00355056787452677,60,4,"male"
0.00355056787452677,61,4,"male"
0.00355056787452677,62,4,"male"
0.00355056787452677,63,4,"male"
0.00191509433962264,64,4,"male"
0.00191509433962264,65,4,"male"
0.00191509433962264,66,4,"male"
0.00191509433962264,67,4,"male"
0.00191509433962264,68,4,"male"
0.000822029822029822,69,4,"male"
0.000822029822029822,70,4,"male"
0.000822029822029822,71,4,"male"
0.000822029822029822,72,4,"male"
0.000822029822029822,73,4,"male"
0.000822029822029822,74,4,"male"
0.000822029822029822,75,4,"male"
0.000822029822029822,76,4,"male"
0.000822029822029822,77,4,"male"
0.000822029822029822,78,4,"male"
0.000822029822029822,79,4,"male"
0.000822029822029822,80,4,"male"
0.000822029822029822,81,4,"male"
0.000822029822029822,82,4,"male"
0.000822029822029822,83,4,"male"
0.000822029822029822,84,4,"male"
0.000822029822029822,85,4,"male"
0.000822029822029822,86,4,"male"
0.000822029822029822,87,4,"male"
0.000822029822029822,88,4,"male"
0.000822029822029822,89,4,"male"
0.000822029822029822,90,4,"male"
0.000822029822029822,91,4,"male"
0.000822029822029822,92,4,"male"
0.000822029822029822,93,4,"male"
0.000822029822029822,94,4,"male"
0.000822029822029822,95,4,"male"
0.000822029822029822,96,4,"male"
0.000822029822029822,97,4,"male"
0.000822029822029822,98,4,"male"
0.000822029822029822,99,4,"male"
0.000822029822029822,100,4,"male"
0,1,5,"male"
0,2,5,"male"
0,3,5,"male"
0,4,5,"male"
0,5,5,"male"
0,6,5,"male"
0,7,5,"male"
0,8,5,"male"
0,9,5,"male"
0,10,5,"male"
0,11,5,"male"
0,12,5,"male"
0,13,5,"male"
0,14,5,"male"
0,15,5,"male"
0,16,5,"male"
0,17,5,"male"
0,18,5,"male"
0,19,5,"male"
0.00999342219168015,20,5,"male"
0.00999342219168015,21,5,"male"
0.00999342219168015,22,5,"male"
0.00999342219168015,23,5,"male"
0.00999342219168015,24,5,"male"
0.0682801994567037,25,5,"male"
0.0682801994567037,26,5,"male"
0.0682801994567037,27,5,"male"
0.0682801994567037,28,5,"male"
0.0682801994567037,29,5,"male"
0.0997687071830068,30,5,"male"
0.0997687071830068,31,5,"male"
0.0997687071830068,32,5,"male"
0.0997687071830068,33,5,"male"
0.0997687071830068,34,5,"male"
0.0963334164089159,35,5,"male"
0.0963334164089159,36,5,"male"
0.0963334164089159,37,5,"male"
0.0963334164089159,38,5,"male"
0.0963334164089159,39,5,"male"
0.0714130317139338,40,5,"male"
0.0714130317139338,41,5,"male"
0.0714130317139338,42,5,"male"
0.0714130317139338,43,5,"male"
0.0714130317139338,44,5,"male"
0.0409661867578915,45,5,"male"
0.0409661867578915,46,5,"male"
0.0409661867578915,47,5,"male"
0.0409661867578915,48,5,"male"
0.0409661867578915,49,5,"male"
0.0194425956564148,50,5,"male"
0.0194425956564148,51,5,"male"
0.0194425956564148,52,5,"male"
0.0194425956564148,53,5,"male"
0.0194425956564148,54,5,"male"
0.00792073443797582,55,5,"male"
0.00792073443797582,56,5,"male"
0.00792073443797582,57,5,"male"
0.00792073443797582,58,5,"male"
0.00792073443797582,59,5,"male"
0.00358319421257652,60,5,"male"
0.00358319421257652,61,5,"male"
0.00358319421257652,62,5,"male"
0.00358319421257652,63,5,"male"
0.00358319421257652,64,5,"male"
0.00196747352496218,65,5,"male"
0.00196747352496218,66,5,"male"
0.00196747352496218,67,5,"male"
0.00196747352496218,68,5,"male"
0.00196747352496218,69,5,"male"
0.000875694795351187,70,5,"male"
0.000875694795351187,71,5,"male"
0.000875694795351187,72,5,"male"
0.000875694795351187,73,5,"male"
0.000875694795351187,74,5,"male"
0.000875694795351187,75,5,"male"
0.000875694795351187,76,5,"male"
0.000875694795351187,77,5,"male"
0.000875694795351187,78,5,"male"
0.000875694795351187,79,5,"male"
0.000875694795351187,80,5,"male"
0.000875694795351187,81,5,"male"
0.000875694795351187,82,5,"male"
0.000875694795351187,83,5,"male"
0.000875694795351187,84,5,"male"
0.000875694795351187,85,5,"male"
0.000875694795351187,86,5,"male"
0.000875694795351187,87,5,"male"
0.000875694795351187,88,5,"male"
0.000875694795351187,89,5,"male"
0.000875694795351187,90,5,"male"
0.000875694795351187,91,5,"male"
0.000875694795351187,92,5,"male"
0.000875694795351187,93,5,"male"
0.000875694795351187,94,5,"male"
0.000875694795351187,95,5,"male"
0.000875694795351187,96,5,"male"
0.000875694795351187,97,5,"male"
0.000875694795351187,98,5,"male"
0.000875694795351187,99,5,"male"
0.000875694795351187,100,5,"male"
0,1,6,"male"
0,2,6,"male"
0,3,6,"male"
0,4,6,"male"
0,5,6,"male"
0,6,6,"male"
0,7,6,"male"
0,8,6,"male"
0,9,6,"male"
0,10,6,"male"
0,11,6,"male"
0,12,6,"male"
0,13,6,"male"
0,14,6,"male"
0,15,6,"male"
0,16,6,"male"
0,17,6,"male"
0,18,6,"male"
0,19,6,"male"
0,20,6,"male"
0.0101669101485586,21,6,"male"
0.0101669101485586,22,6,"male"
0.0101669101485586,23,6,"male"
0.0101669101485586,24,6,"male"
0.0101669101485586,25,6,"male"
0.0705673630158911,26,6,"male"
0.0705673630158911,27,6,"male"
0.0705673630158911,28,6,"male"
0.0705673630158911,29,6,"male"
0.0705673630158911,30,6,"male"
0.101869088347685,31,6,"male"
0.101869088347685,32,6,"male"
0.101869088347685,33,6,"male"
0.101869088347685,34,6,"male"
0.101869088347685,35,6,"male"
0.100215372390678,36,6,"male"
0.100215372390678,37,6,"male"
0.100215372390678,38,6,"male"
0.100215372390678,39,6,"male"
0.100215372390678,40,6,"male"
0.0714550013441628,41,6,"male"
0.0714550013441628,42,6,"male"
0.0714550013441628,43,6,"male"
0.0714550013441628,44,6,"male"
0.0714550013441628,45,6,"male"
0.0419580147864147,46,6,"male"
0.0419580147864147,47,6,"male"
0.0419580147864147,48,6,"male"
0.0419580147864147,49,6,"male"
0.0419580147864147,50,6,"male"
0.0191443670328019,51,6,"male"
0.0191443670328019,52,6,"male"
0.0191443670328019,53,6,"male"
0.0191443670328019,54,6,"male"
0.0191443670328019,55,6,"male"
0.00807175712971481,56,6,"male"
0.00807175712971481,57,6,"male"
0.00807175712971481,58,6,"male"
0.00807175712971481,59,6,"male"
0.00807175712971481,60,6,"male"
0.00354089861751152,61,6,"male"
0.00354089861751152,62,6,"male"
0.00354089861751152,63,6,"male"
0.00354089861751152,64,6,"male"
0.00354089861751152,65,6,"male"
0.00202768987341772,66,6,"male"
0.00202768987341772,67,6,"male"
0.00202768987341772,68,6,"male"
0.00202768987341772,69,6,"male"
0.00202768987341772,70,6,"male"
0.000851443569553806,71,6,"male"
0.000851443569553806,72,6,"male"
0.000851443569553806,73,6,"male"
0.000851443569553806,74,6,"male"
0.000851443569553806,75,6,"male"
0.000851443569553806,76,6,"male"
0.000851443569553806,77,6,"male"
0.000851443569553806,78,6,"male"
0.000851443569553806,79,6,"male"
0.000851443569553806,80,6,"male"
0.000851443569553806,81,6,"male"
0.000851443569553806,82,6,"male"
0.000851443569553806,83,6,"male"
0.000851443569553806,84,6,"male"
0.000851443569553806,85,6,"male"
0.000851443569553806,86,6,"male"
0.000851443569553806,87,6,"male"
0.000851443569553806,88,6,"male"
0.000851443569553806,89,6,"male"
0.000851443569553806,90,6,"male"
0.000851443569553806,91,6,"male"
0.000851443569553806,92,6,"male"
0.000851443569553806,93,6,"male"
0.000851443569553806,94,6,"male"
0.000851443569553806,95,6,"male"
0.000851443569553806,96,6,"male"
0.000851443569553806,97,6,"male"
0.000851443569553806,98,6,"male"
0.000851443569553806,99,6,"male"
0.000851443569553806,100,6,"male"
0,1,7,"male"
0,2,7,"male"
0,3,7,"male"
0,4,7,"male"
0,5,7,"male"
0,6,7,"male"
0,7,7,"male"
0,8,7,"male"
0,9,7,"male"
0,10,7,"male"
0,11,7,"male"
0,12,7,"male"
0,13,7,"male"
0,14,7,"male"
0,15,7,"male"
0,16,7,"male"
0,17,7,"male"
0,18,7,"male"
0,19,7,"male"
0,20,7,"male"
0,21,7,"male"
0.010166646511878,22,7,"male"
0.010166646511878,23,7,"male"
0.010166646511878,24,7,"male"
0.010166646511878,25,7,"male"
0.010166646511878,26,7,"male"
0.0705655331437788,27,7,"male"
0.0705655331437788,28,7,"male"
0.0705655331437788,29,7,"male"
0.0705655331437788,30,7,"male"
0.0705655331437788,31,7,"male"
0.101866446795047,32,7,"male"
0.101866446795047,33,7,"male"
0.101866446795047,34,7,"male"
0.101866446795047,35,7,"male"
0.101866446795047,36,7,"male"
0.10021277372031,37,7,"male"
0.10021277372031,38,7,"male"
0.10021277372031,39,7,"male"
0.10021277372031,40,7,"male"
0.10021277372031,41,7,"male"
0.0714531484548291,42,7,"male"
0.0714531484548291,43,7,"male"
0.0714531484548291,44,7,"male"
0.0714531484548291,45,7,"male"
0.0714531484548291,46,7,"male"
0.041956926779185,47,7,"male"
0.041956926779185,48,7,"male"
0.041956926779185,49,7,"male"
0.041956926779185,50,7,"male"
0.041956926779185,51,7,"male"
0.0191438706029816,52,7,"male"
0.0191438706029816,53,7,"male"
0.0191438706029816,54,7,"male"
0.0191438706029816,55,7,"male"
0.0191438706029816,56,7,"male"
0.00807175712971481,57,7,"male"
0.00807175712971481,58,7,"male"
0.00807175712971481,59,7,"male"
0.00807175712971481,60,7,"male"
0.00807175712971481,61,7,"male"
0.00354089861751152,62,7,"male"
0.00354089861751152,63,7,"male"
0.00354089861751152,64,7,"male"
0.00354089861751152,65,7,"male"
0.00354089861751152,66,7,"male"
0.00202768987341772,67,7,"male"
0.00202768987341772,68,7,"male"
0.00202768987341772,69,7,"male"
0.00202768987341772,70,7,"male"
0.00202768987341772,71,7,"male"
0.000851443569553806,72,7,"male"
0.000851443569553806,73,7,"male"
0.000851443569553806,74,7,"male"
0.000851443569553806,75,7,"male"
0.000851443569553806,76,7,"male"
0.000851443569553806,77,7,"male"
0.000851443569553806,78,7,"male"
0.000851443569553806,79,7,"male"
0.000851443569553806,80,7,"male"
0.000851443569553806,81,7,"male"
0.000851443569553806,82,7,"male"
0.000851443569553806,83,7,"male"
0.000851443569553806,84,7,"male"
0.000851443569553806,85,7,"male"
0.000851443569553806,86,7,"male"
0.000851443569553806,87,7,"male"
0.000851443569553806,88,7,"male"
0.000851443569553806,89,7,"male"
0.000851443569553806,90,7,"male"
0.000851443569553806,91,7,"male"
0.000851443569553806,92,7,"male"
0.000851443569553806,93,7,"male"
0.000851443569553806,94,7,"male"
0.000851443569553806,95,7,"male"
0.000851443569553806,96,7,"male"
0.000851443569553806,97,7,"male"
0.000851443569553806,98,7,"male"
0.000851443569553806,99,7,"male"
0.000851443569553806,100,7,"male"
0,1,8,"male"
0,2,8,"male"
0,3,8,"male"
0,4,8,"male"
0,5,8,"male"
0,6,8,"male"
0,7,8,"male"
0,8,8,"male"
0,9,8,"male"
0,10,8,"male"
0,11,8,"male"
0,12,8,"male"
0,13,8,"male"
0,14,8,"male"
0,15,8,"male"
0,16,8,"male"
0,17,8,"male"
0,18,8,"male"
0,19,8,"male"
0,20,8,"male"
0,21,8,"male"
0,22,8,"male"
0.00990645352447916,23,8,"male"
0.00990645352447916,24,8,"male"
0.00990645352447916,25,8,"male"
0.00990645352447916,26,8,"male"
0.00990645352447916,27,8,"male"
0.0733534620609315,28,8,"male"
0.0733534620609315,29,8,"male"
0.0733534620609315,30,8,"male"
0.0733534620609315,31,8,"male"
0.0733534620609315,32,8,"male"
0.10935544179211,33,8,"male"
0.10935544179211,34,8,"male"
0.10935544179211,35,8,"male"
0.10935544179211,36,8,"male"
0.10935544179211,37,8,"male"
0.108140754159446,38,8,"male"
0.108140754159446,39,8,"male"
0.108140754159446,40,8,"male"
0.108140754159446,41,8,"male"
0.108140754159446,42,8,"male"
0.0759038502673233,43,8,"male"
0.0759038502673233,44,8,"male"
0.0759038502673233,45,8,"male"
0.0759038502673233,46,8,"male"
0.0759038502673233,47,8,"male"
0.0462172863844716,48,8,"male"
0.0462172863844716,49,8,"male"
0.0462172863844716,50,8,"male"
0.0462172863844716,51,8,"male"
0.0462172863844716,52,8,"male"
0.0210285958190586,53,8,"male"
0.0210285958190586,54,8,"male"
0.0210285958190586,55,8,"male"
0.0210285958190586,56,8,"male"
0.0210285958190586,57,8,"male"
0.00863570391872279,58,8,"male"
0.00863570391872279,59,8,"male"
0.00863570391872279,60,8,"male"
0.00863570391872279,61,8,"male"
0.00863570391872279,62,8,"male"
0.00395046439628483,63,8,"male"
0.00395046439628483,64,8,"male"
0.00395046439628483,65,8,"male"
0.00395046439628483,66,8,"male"
0.00395046439628483,67,8,"male"
0.00224611398963731,68,8,"male"
0.00224611398963731,69,8,"male"
0.00224611398963731,70,8,"male"
0.00224611398963731,71,8,"male"
0.00224611398963731,72,8,"male"
0.000860294117647059,73,8,"male"
0.000860294117647059,74,8,"male"
0.000860294117647059,75,8,"male"
0.000860294117647059,76,8,"male"
0.000860294117647059,77,8,"male"
0.000860294117647059,78,8,"male"
0.000860294117647059,79,8,"male"
0.000860294117647059,80,8,"male"
0.000860294117647059,81,8,"male"
0.000860294117647059,82,8,"male"
0.000860294117647059,83,8,"male"
0.000860294117647059,84,8,"male"
0.000860294117647059,85,8,"male"
0.000860294117647059,86,8,"male"
0.000860294117647059,87,8,"male"
0.000860294117647059,88,8,"male"
0.000860294117647059,89,8,"male"
0.000860294117647059,90,8,"male"
0.000860294117647059,91,8,"male"
0.000860294117647059,92,8,"male"
0.000860294117647059,93,8,"male"
0.000860294117647059,94,8,"male"
0.000860294117647059,95,8,"male"
0.000860294117647059,96,8,"male"
0.000860294117647059,97,8,"male"
0.000860294117647059,98,8,"male"
0.000860294117647059,99,8,"male"
0.000860294117647059,100,8,"male"
0,1,9,"male"
0,2,9,"male"
0,3,9,"male"
0,4,9,"male"
0,5,9,"male"
0,6,9,"male"
0,7,9,"male"
0,8,9,"male"
0,9,9,"male"
0,10,9,"male"
0,11,9,"male"
0,12,9,"male"
0,13,9,"male"
0,14,9,"male"
0,15,9,"male"
0,16,9,"male"
0,17,9,"male"
0,18,9,"male"
0,19,9,"male"
0,20,9,"male"
0,21,9,"male"
0,22,9,"male"
0,23,9,"male"
0.00990624904978289,24,9,"male"
0.00990624904978289,25,9,"male"
0.00990624904978289,26,9,"male"
0.00990624904978289,27,9,"male"
0.00990624904978289,28,9,"male"
0.0733519480047824,29,9,"male"
0.0733519480047824,30,9,"male"
0.0733519480047824,31,9,"male"
0.0733519480047824,32,9,"male"
0.0733519480047824,33,9,"male"
0.109353184635127,34,9,"male"
0.109353184635127,35,9,"male"
0.109353184635127,36,9,"male"
0.109353184635127,37,9,"male"
0.109353184635127,38,9,"male"
0.10813852207429,39,9,"male"
0.10813852207429,40,9,"male"
0.10813852207429,41,9,"male"
0.10813852207429,42,9,"male"
0.10813852207429,43,9,"male"
0.0759022835697468,44,9,"male"
0.0759022835697468,45,9,"male"
0.0759022835697468,46,9,"male"
0.0759022835697468,47,9,"male"
0.0759022835697468,48,9,"male"
0.046216332434042,49,9,"male"
0.046216332434042,50,9,"male"
0.046216332434042,51,9,"male"
0.046216332434042,52,9,"male"
0.046216332434042,53,9,"male"
0.0210281617771755,54,9,"male"
0.0210281617771755,55,9,"male"
0.0210281617771755,56,9,"male"
0.0210281617771755,57,9,"male"
0.0210281617771755,58,9,"male"
0.00863570391872279,59,9,"male"
0.00863570391872279,60,9,"male"
0.00863570391872279,61,9,"male"
0.00863570391872279,62,9,"male"
0.00863570391872279,63,9,"male"
0.00395046439628483,64,9,"male"
0.00395046439628483,65,9,"male"
0.00395046439628483,66,9,"male"
0.00395046439628483,67,9,"male"
0.00395046439628483,68,9,"male"
0.00224611398963731,69,9,"male"
0.00224611398963731,70,9,"male"
0.00224611398963731,71,9,"male"
0.00224611398963731,72,9,"male"
0.00224611398963731,73,9,"male"
0.000860294117647059,74,9,"male"
0.000860294117647059,75,9,"male"
0.000860294117647059,76,9,"male"
0.000860294117647059,77,9,"male"
0.000860294117647059,78,9,"male"
0.000860294117647059,79,9,"male"
0.000860294117647059,80,9,"male"
0.000860294117647059,81,9,"male"
0.000860294117647059,82,9,"male"
0.000860294117647059,83,9,"male"
0.000860294117647059,84,9,"male"
0.000860294117647059,85,9,"male"
0.000860294117647059,86,9,"male"
0.000860294117647059,87,9,"male"
0.000860294117647059,88,9,"male"
0.000860294117647059,89,9,"male"
0.000860294117647059,90,9,"male"
0.000860294117647059,91,9,"male"
0.000860294117647059,92,9,"male"
0.000860294117647059,93,9,"male"
0.000860294117647059,94,9,"male"
0.000860294117647059,95,9,"male"
0.000860294117647059,96,9,"male"
0.000860294117647059,97,9,"male"
0.000860294117647059,98,9,"male"
0.000860294117647059,99,9,"male"
0.000860294117647059,100,9,"male"
0,1,10,"male"
0,2,10,"male"
0,3,10,"male"
0,4,10,"male"
0,5,10,"male"
0,6,10,"male"
0,7,10,"male"
0,8,10,"male"
0,9,10,"male"
0,10,10,"male"
0,11,10,"male"
0,12,10,"male"
0,13,10,"male"
0,14,10,"male"
0,15,10,"male"
0,16,10,"male"
0,17,10,"male"
0,18,10,"male"
0,19,10,"male"
0,20,10,"male"
0,21,10,"male"
0,22,10,"male"
0,23,10,"male"
0,24,10,"male"
0.00991201647881043,25,10,"male"
0.00991201647881043,26,10,"male"
0.00991201647881043,27,10,"male"
0.00991201647881043,28,10,"male"
0.00991201647881043,29,10,"male"
0.0733946535891083,30,10,"male"
0.0733946535891083,31,10,"male"
0.0733946535891083,32,10,"male"
0.0733946535891083,33,10,"male"
0.0733946535891083,34,10,"male"
0.109416850178781,35,10,"male"
0.109416850178781,36,10,"male"
0.109416850178781,37,10,"male"
0.109416850178781,38,10,"male"
0.109416850178781,39,10,"male"
0.108201480440073,40,10,"male"
0.108201480440073,41,10,"male"
0.108201480440073,42,10,"male"
0.108201480440073,43,10,"male"
0.108201480440073,44,10,"male"
0.075946473962227,45,10,"male"
0.075946473962227,46,10,"male"
0.075946473962227,47,10,"male"
0.075946473962227,48,10,"male"
0.075946473962227,49,10,"male"
0.0462432396333146,50,10,"male"
0.0462432396333146,51,10,"male"
0.0462432396333146,52,10,"male"
0.0462432396333146,53,10,"male"
0.0462432396333146,54,10,"male"
0.0210404043959528,55,10,"male"
0.0210404043959528,56,10,"male"
0.0210404043959528,57,10,"male"
0.0210404043959528,58,10,"male"
0.0210404043959528,59,10,"male"
0.00863570391872279,60,10,"male"
0.00863570391872279,61,10,"male"
0.00863570391872279,62,10,"male"
0.00863570391872279,63,10,"male"
0.00863570391872279,64,10,"male"
0.00395046439628483,65,10,"male"
0.00395046439628483,66,10,"male"
0.00395046439628483,67,10,"male"
0.00395046439628483,68,10,"male"
0.00395046439628483,69,10,"male"
0.00224611398963731,70,10,"male"
0.00224611398963731,71,10,"male"
0.00224611398963731,72,10,"male"
0.00224611398963731,73,10,"male"
0.00224611398963731,74,10,"male"
0.000860294117647059,75,10,"male"
0.000860294117647059,76,10,"male"
0.000860294117647059,77,10,"male"
0.000860294117647059,78,10,"male"
0.000860294117647059,79,10,"male"
0.000860294117647059,80,10,"male"
0.000860294117647059,81,10,"male"
0.000860294117647059,82,10,"male"
0.000860294117647059,83,10,"male"
0.000860294117647059,84,10,"male"
0.000860294117647059,85,10,"male"
0.000860294117647059,86,10,"male"
0.000860294117647059,87,10,"male"
0.000860294117647059,88,10,"male"
0.000860294117647059,89,10,"male"
0.000860294117647059,90,10,"male"
0.000860294117647059,91,10,"male"
0.000860294117647059,92,10,"male"
0.000860294117647059,93,10,"male"
0.000860294117647059,94,10,"male"
0.000860294117647059,95,10,"male"
0.000860294117647059,96,10,"male"
0.000860294117647059,97,10,"male"
0.000860294117647059,98,10,"male"
0.000860294117647059,99,10,"male"
0.000860294117647059,100,10,"male"
0,1,11,"male"
0,2,11,"male"
0,3,11,"male"
0,4,11,"male"
0,5,11,"male"
0,6,11,"male"
0,7,11,"male"
0,8,11,"male"
0,9,11,"male"
0,10,11,"male"
0,11,11,"male"
0,12,11,"male"
0,13,11,"male"
0,14,11,"male"
0,15,11,"male"
0,16,11,"male"
0,17,11,"male"
0,18,11,"male"
0,19,11,"male"
0,20,11,"male"
0,21,11,"male"
0,22,11,"male"
0,23,11,"male"
0,24,11,"male"
0,25,11,"male"
0.0398918968304734,26,11,"male"
0.0398918968304734,27,11,"male"
0.0398918968304734,28,11,"male"
0.0398918968304734,29,11,"male"
0.0398918968304734,30,11,"male"
0.115497902847776,31,11,"male"
0.115497902847776,32,11,"male"
0.115497902847776,33,11,"male"
0.115497902847776,34,11,"male"
0.115497902847776,35,11,"male"
0.122039384252066,36,11,"male"
0.122039384252066,37,11,"male"
0.122039384252066,38,11,"male"
0.122039384252066,39,11,"male"
0.122039384252066,40,11,"male"
0.096416031956447,41,11,"male"
0.096416031956447,42,11,"male"
0.096416031956447,43,11,"male"
0.096416031956447,44,11,"male"
0.096416031956447,45,11,"male"
0.0624540973446151,46,11,"male"
0.0624540973446151,47,11,"male"
0.0624540973446151,48,11,"male"
0.0624540973446151,49,11,"male"
0.0624540973446151,50,11,"male"
0.0245630308440241,51,11,"male"
0.0245630308440241,52,11,"male"
0.0245630308440241,53,11,"male"
0.0245630308440241,54,11,"male"
0.0245630308440241,55,11,"male"
0.00336997937089875,56,11,"male"
0.00336997937089875,57,11,"male"
0.00336997937089875,58,11,"male"
0.00336997937089875,59,11,"male"
0.00336997937089875,60,11,"male"
0.000263466666666667,61,11,"male"
0.000263466666666667,62,11,"male"
0.000263466666666667,63,11,"male"
0.000263466666666667,64,11,"male"
0.000263466666666667,65,11,"male"
2.38095238095238e-05,66,11,"male"
2.38095238095238e-05,67,11,"male"
2.38095238095238e-05,68,11,"male"
2.38095238095238e-05,69,11,"male"
2.38095238095238e-05,70,11,"male"
0,71,11,"male"
0,72,11,"male"
0,73,11,"male"
0,74,11,"male"
0,75,11,"male"
0,76,11,"male"
0,77,11,"male"
0,78,11,"male"
0,79,11,"male"
0,80,11,"male"
0,81,11,"male"
0,82,11,"male"
0,83,11,"male"
0,84,11,"male"
0,85,11,"male"
0,86,11,"male"
0,87,11,"male"
0,88,11,"male"
0,89,11,"male"
0,90,11,"male"
0,91,11,"male"
0,92,11,"male"
0,93,11,"male"
0,94,11,"male"
0,95,11,"male"
0,96,11,"male"
0,97,11,"male"
0,98,11,"male"
0,99,11,"male"
0,100,11,"male"
0,1,12,"male"
0,2,12,"male"
0,3,12,"male"
0,4,12,"male"
0,5,12,"male"
0,6,12,"male"
0,7,12,"male"
0,8,12,"male"
0,9,12,"male"
0,10,12,"male"
0,11,12,"male"
0,12,12,"male"
0,13,12,"male"
0,14,12,"male"
0,15,12,"male"
0,16,12,"male"
0,17,12,"male"
0,18,12,"male"
0,19,12,"male"
0,20,12,"male"
0,21,12,"male"
0,22,12,"male"
0,23,12,"male"
0,24,12,"male"
0,25,12,"male"
0,26,12,"male"
0.0398911376469014,27,12,"male"
0.0398911376469014,28,12,"male"
0.0398911376469014,29,12,"male"
0.0398911376469014,30,12,"male"
0.0398911376469014,31,12,"male"
0.115495704804629,32,12,"male"
0.115495704804629,33,12,"male"
0.115495704804629,34,12,"male"
0.115495704804629,35,12,"male"
0.115495704804629,36,12,"male"
0.122037061717841,37,12,"male"
0.122037061717841,38,12,"male"
0.122037061717841,39,12,"male"
0.122037061717841,40,12,"male"
0.122037061717841,41,12,"male"
0.0964141970608077,42,12,"male"
0.0964141970608077,43,12,"male"
0.0964141970608077,44,12,"male"
0.0964141970608077,45,12,"male"
0.0964141970608077,46,12,"male"
0.0624529087793055,47,12,"male"
0.0624529087793055,48,12,"male"
0.0624529087793055,49,12,"male"
0.0624529087793055,50,12,"male"
0.0624529087793055,51,12,"male"
0.0245625633844402,52,12,"male"
0.0245625633844402,53,12,"male"
0.0245625633844402,54,12,"male"
0.0245625633844402,55,12,"male"
0.0245625633844402,56,12,"male"
0.00336991523674672,57,12,"male"
0.00336991523674672,58,12,"male"
0.00336991523674672,59,12,"male"
0.00336991523674672,60,12,"male"
0.00336991523674672,61,12,"male"
0.000263466666666667,62,12,"male"
0.000263466666666667,63,12,"male"
0.000263466666666667,64,12,"male"
0.000263466666666667,65,12,"male"
0.000263466666666667,66,12,"male"
2.38095238095238e-05,67,12,"male"
2.38095238095238e-05,68,12,"male"
2.38095238095238e-05,69,12,"male"
2.38095238095238e-05,70,12,"male"
2.38095238095238e-05,71,12,"male"
0,72,12,"male"
0,73,12,"male"
0,74,12,"male"
0,75,12,"male"
0,76,12,"male"
0,77,12,"male"
0,78,12,"male"
0,79,12,"male"
0,80,12,"male"
0,81,12,"male"
0,82,12,"male"
0,83,12,"male"
0,84,12,"male"
0,85,12,"male"
0,86,12,"male"
0,87,12,"male"
0,88,12,"male"
0,89,12,"male"
0,90,12,"male"
0,91,12,"male"
0,92,12,"male"
0,93,12,"male"
0,94,12,"male"
0,95,12,"male"
0,96,12,"male"
0,97,12,"male"
0,98,12,"male"
0,99,12,"male"
0,100,12,"male"
0,1,13,"male"
0,2,13,"male"
0,3,13,"male"
0,4,13,"male"
0,5,13,"male"
0,6,13,"male"
0,7,13,"male"
0,8,13,"male"
0,9,13,"male"
0,10,13,"male"
0,11,13,"male"
0,12,13,"male"
0,13,13,"male"
0,14,13,"male"
0,15,13,"male"
0,16,13,"male"
0,17,13,"male"
0,18,13,"male"
0,19,13,"male"
0,20,13,"male"
0,21,13,"male"
0,22,13,"male"
0,23,13,"male"
0,24,13,"male"
0,25,13,"male"
0,26,13,"male"
0,27,13,"male"
0.00761591354560663,28,13,"male"
0.00761591354560663,29,13,"male"
0.00761591354560663,30,13,"male"
0.00761591354560663,31,13,"male"
0.00761591354560663,32,13,"male"
0.0733335110332022,33,13,"male"
0.0733335110332022,34,13,"male"
0.0733335110332022,35,13,"male"
0.0733335110332022,36,13,"male"
0.0733335110332022,37,13,"male"
0.125105531851686,38,13,"male"
0.125105531851686,39,13,"male"
0.125105531851686,40,13,"male"
0.125105531851686,41,13,"male"
0.125105531851686,42,13,"male"
0.115787430335248,43,13,"male"
0.115787430335248,44,13,"male"
0.115787430335248,45,13,"male"
0.115787430335248,46,13,"male"
0.115787430335248,47,13,"male"
0.0875887910129291,48,13,"male"
0.0875887910129291,49,13,"male"
0.0875887910129291,50,13,"male"
0.0875887910129291,51,13,"male"
0.0875887910129291,52,13,"male"
0.0512817296821126,53,13,"male"
0.0512817296821126,54,13,"male"
0.0512817296821126,55,13,"male"
0.0512817296821126,56,13,"male"
0.0512817296821126,57,13,"male"
0.0247166230573159,58,13,"male"
0.0247166230573159,59,13,"male"
0.0247166230573159,60,13,"male"
0.0247166230573159,61,13,"male"
0.0247166230573159,62,13,"male"
0.00955114942528736,63,13,"male"
0.00955114942528736,64,13,"male"
0.00955114942528736,65,13,"male"
0.00955114942528736,66,13,"male"
0.00955114942528736,67,13,"male"
0.00462213438735178,68,13,"male"
0.00462213438735178,69,13,"male"
0.00462213438735178,70,13,"male"
0.00462213438735178,71,13,"male"
0.00462213438735178,72,13,"male"
0.0024090382387022,73,13,"male"
0.0024090382387022,74,13,"male"
0.0024090382387022,75,13,"male"
0.0024090382387022,76,13,"male"
0.0024090382387022,77,13,"male"
0.00121702127659574,78,13,"male"
0.00121702127659574,79,13,"male"
0.00121702127659574,80,13,"male"
0.00121702127659574,81,13,"male"
0.00121702127659574,82,13,"male"
0.00121702127659574,83,13,"male"
0.00121702127659574,84,13,"male"
0.00121702127659574,85,13,"male"
0.00121702127659574,86,13,"male"
0.00121702127659574,87,13,"male"
0.00121702127659574,88,13,"male"
0.00121702127659574,89,13,"male"
0.00121702127659574,90,13,"male"
0.00121702127659574,91,13,"male"
0.00121702127659574,92,13,"male"
0.00121702127659574,93,13,"male"
0.00121702127659574,94,13,"male"
0.00121702127659574,95,13,"male"
0.00121702127659574,96,13,"male"
0.00121702127659574,97,13,"male"
0.00121702127659574,98,13,"male"
0.00121702127659574,99,13,"male"
0.00121702127659574,100,13,"male"
0,1,14,"male"
0,2,14,"male"
0,3,14,"male"
0,4,14,"male"
0,5,14,"male"
0,6,14,"male"
0,7,14,"male"
0,8,14,"male"
0,9,14,"male"
0,10,14,"male"
0,11,14,"male"
0,12,14,"male"
0,13,14,"male"
0,14,14,"male"
0,15,14,"male"
0,16,14,"male"
0,17,14,"male"
0,18,14,"male"
0,19,14,"male"
0,20,14,"male"
0,21,14,"male"
0,22,14,"male"
0,23,14,"male"
0,24,14,"male"
0,25,14,"male"
0,26,14,"male"
0,27,14,"male"
0,28,14,"male"
0.00761566502529415,29,14,"male"
0.00761566502529415,30,14,"male"
0.00761566502529415,31,14,"male"
0.00761566502529415,32,14,"male"
0.00761566502529415,33,14,"male"
0.0733311180350453,34,14,"male"
0.0733311180350453,35,14,"male"
0.0733311180350453,36,14,"male"
0.0733311180350453,37,14,"male"
0.0733311180350453,38,14,"male"
0.125101449443754,39,14,"male"
0.125101449443754,40,14,"male"
0.125101449443754,41,14,"male"
0.125101449443754,42,14,"male"
0.125101449443754,43,14,"male"
0.115783651992939,44,14,"male"
0.115783651992939,45,14,"male"
0.115783651992939,46,14,"male"
0.115783651992939,47,14,"male"
0.115783651992939,48,14,"male"
0.0875859328405533,49,14,"male"
0.0875859328405533,50,14,"male"
0.0875859328405533,51,14,"male"
0.0875859328405533,52,14,"male"
0.0875859328405533,53,14,"male"
0.0512800562713775,54,14,"male"
0.0512800562713775,55,14,"male"
0.0512800562713775,56,14,"male"
0.0512800562713775,57,14,"male"
0.0512800562713775,58,14,"male"
0.0247158165115419,59,14,"male"
0.0247158165115419,60,14,"male"
0.0247158165115419,61,14,"male"
0.0247158165115419,62,14,"male"
0.0247158165115419,63,14,"male"
0.00955114942528736,64,14,"male"
0.00955114942528736,65,14,"male"
0.00955114942528736,66,14,"male"
0.00955114942528736,67,14,"male"
0.00955114942528736,68,14,"male"
0.00462213438735178,69,14,"male"
0.00462213438735178,70,14,"male"
0.00462213438735178,71,14,"male"
0.00462213438735178,72,14,"male"
0.00462213438735178,73,14,"male"
0.0024090382387022,74,14,"male"
0.0024090382387022,75,14,"male"
0.0024090382387022,76,14,"male"
0.0024090382387022,77,14,"male"
0.0024090382387022,78,14,"male"
0.00121702127659574,79,14,"male"
0.00121702127659574,80,14,"male"
0.00121702127659574,81,14,"male"
0.00121702127659574,82,14,"male"
0.00121702127659574,83,14,"male"
0.00121702127659574,84,14,"male"
0.00121702127659574,85,14,"male"
0.00121702127659574,86,14,"male"
0.00121702127659574,87,14,"male"
0.00121702127659574,88,14,"male"
0.00121702127659574,89,14,"male"
0.00121702127659574,90,14,"male"
0.00121702127659574,91,14,"male"
0.00121702127659574,92,14,"male"
0.00121702127659574,93,14,"male"
0.00121702127659574,94,14,"male"
0.00121702127659574,95,14,"male"
0.00121702127659574,96,14,"male"
0.00121702127659574,97,14,"male"
0.00121702127659574,98,14,"male"
0.00121702127659574,99,14,"male"
0.00121702127659574,100,14,"male"
0,1,15,"male"
0,2,15,"male"
0,3,15,"male"
0,4,15,"male"
0,5,15,"male"
0,6,15,"male"
0,7,15,"male"
0,8,15,"male"
0,9,15,"male"
0,10,15,"male"
0,11,15,"male"
0,12,15,"male"
0,13,15,"male"
0,14,15,"male"
0,15,15,"male"
0,16,15,"male"
0,17,15,"male"
0,18,15,"male"
0,19,15,"male"
0,20,15,"male"
0,21,15,"male"
0,22,15,"male"
0,23,15,"male"
0,24,15,"male"
0,25,15,"male"
0,26,15,"male"
0,27,15,"male"
0,28,15,"male"
0,29,15,"male"
0.00645452708199094,30,15,"male"
0.00645452708199094,31,15,"male"
0.00645452708199094,32,15,"male"
0.00645452708199094,33,15,"male"
0.00645452708199094,34,15,"male"
0.0711260300029714,35,15,"male"
0.0711260300029714,36,15,"male"
0.0711260300029714,37,15,"male"
0.0711260300029714,38,15,"male"
0.0711260300029714,39,15,"male"
0.127047899078357,40,15,"male"
0.127047899078357,41,15,"male"
0.127047899078357,42,15,"male"
0.127047899078357,43,15,"male"
0.127047899078357,44,15,"male"
0.120354725831725,45,15,"male"
0.120354725831725,46,15,"male"
0.120354725831725,47,15,"male"
0.120354725831725,48,15,"male"
0.120354725831725,49,15,"male"
0.0913958347871212,50,15,"male"
0.0913958347871212,51,15,"male"
0.0913958347871212,52,15,"male"
0.0913958347871212,53,15,"male"
0.0913958347871212,54,15,"male"
0.0544681694581314,55,15,"male"
0.0544681694581314,56,15,"male"
0.0544681694581314,57,15,"male"
0.0544681694581314,58,15,"male"
0.0544681694581314,59,15,"male"
0.025925215204816,60,15,"male"
0.025925215204816,61,15,"male"
0.025925215204816,62,15,"male"
0.025925215204816,63,15,"male"
0.025925215204816,64,15,"male"
0.00982584615384615,65,15,"male"
0.00982584615384615,66,15,"male"
0.00982584615384615,67,15,"male"
0.00982584615384615,68,15,"male"
0.00982584615384615,69,15,"male"
0.00519559228650138,70,15,"male"
0.00519559228650138,71,15,"male"
0.00519559228650138,72,15,"male"
0.00519559228650138,73,15,"male"
0.00519559228650138,74,15,"male"
0.00244055068836045,75,15,"male"
0.00244055068836045,76,15,"male"
0.00244055068836045,77,15,"male"
0.00244055068836045,78,15,"male"
0.00244055068836045,79,15,"male"
0.00122283464566929,80,15,"male"
0.00122283464566929,81,15,"male"
0.00122283464566929,82,15,"male"
0.00122283464566929,83,15,"male"
0.00122283464566929,84,15,"male"
0.00122283464566929,85,15,"male"
0.00122283464566929,86,15,"male"
0.00122283464566929,87,15,"male"
0.00122283464566929,88,15,"male"
0.00122283464566929,89,15,"male"
0.00122283464566929,90,15,"male"
0.00122283464566929,91,15,"male"
0.00122283464566929,92,15,"male"
0.00122283464566929,93,15,"male"
0.00122283464566929,94,15,"male"
0.00122283464566929,95,15,"male"
0.00122283464566929,96,15,"male"
0.00122283464566929,97,15,"male"
0.00122283464566929,98,15,"male"
0.00122283464566929,99,15,"male"
0.00122283464566929,100,15,"male"
0,1,16,"male"
0,2,16,"male"
0,3,16,"male"
0,4,16,"male"
0,5,16,"male"
0,6,16,"male"
0,7,16,"male"
0,8,16,"male"
0,9,16,"male"
0,10,16,"male"
0,11,16,"male"
0,12,16,"male"
0,13,16,"male"
0,14,16,"male"
0,15,16,"male"
0,16,16,"male"
0,17,16,"male"
0,18,16,"male"
0,19,16,"male"
0,20,16,"male"
0,21,16,"male"
0,22,16,"male"
0,23,16,"male"
0,24,16,"male"
0,25,16,"male"
0,26,16,"male"
0,27,16,"male"
0,28,16,"male"
0,29,16,"male"
0,30,16,"male"
0.00645383122280444,31,16,"male"
0.00645383122280444,32,16,"male"
0.00645383122280444,33,16,"male"
0.00645383122280444,34,16,"male"
0.00645383122280444,35,16,"male"
0.0711183619429031,36,16,"male"
0.0711183619429031,37,16,"male"
0.0711183619429031,38,16,"male"
0.0711183619429031,39,16,"male"
0.0711183619429031,40,16,"male"
0.127034202110853,41,16,"male"
0.127034202110853,42,16,"male"
0.127034202110853,43,16,"male"
0.127034202110853,44,16,"male"
0.127034202110853,45,16,"male"
0.120341750451725,46,16,"male"
0.120341750451725,47,16,"male"
0.120341750451725,48,16,"male"
0.120341750451725,49,16,"male"
0.120341750451725,50,16,"male"
0.091385981450008,51,16,"male"
0.091385981450008,52,16,"male"
0.091385981450008,53,16,"male"
0.091385981450008,54,16,"male"
0.091385981450008,55,16,"male"
0.05446229727329,56,16,"male"
0.05446229727329,57,16,"male"
0.05446229727329,58,16,"male"
0.05446229727329,59,16,"male"
0.05446229727329,60,16,"male"
0.0259224202209336,61,16,"male"
0.0259224202209336,62,16,"male"
0.0259224202209336,63,16,"male"
0.0259224202209336,64,16,"male"
0.0259224202209336,65,16,"male"
0.00982584615384615,66,16,"male"
0.00982584615384615,67,16,"male"
0.00982584615384615,68,16,"male"
0.00982584615384615,69,16,"male"
0.00982584615384615,70,16,"male"
0.00519559228650138,71,16,"male"
0.00519559228650138,72,16,"male"
0.00519559228650138,73,16,"male"
0.00519559228650138,74,16,"male"
0.00519559228650138,75,16,"male"
0.00244055068836045,76,16,"male"
0.00244055068836045,77,16,"male"
0.00244055068836045,78,16,"male"
0.00244055068836045,79,16,"male"
0.00244055068836045,80,16,"male"
0.00122283464566929,81,16,"male"
0.00122283464566929,82,16,"male"
0.00122283464566929,83,16,"male"
0.00122283464566929,84,16,"male"
0.00122283464566929,85,16,"male"
0.00122283464566929,86,16,"male"
0.00122283464566929,87,16,"male"
0.00122283464566929,88,16,"male"
0.00122283464566929,89,16,"male"
0.00122283464566929,90,16,"male"
0.00122283464566929,91,16,"male"
0.00122283464566929,92,16,"male"
0.00122283464566929,93,16,"male"
0.00122283464566929,94,16,"male"
0.00122283464566929,95,16,"male"
0.00122283464566929,96,16,"male"
0.00122283464566929,97,16,"male"
0.00122283464566929,98,16,"male"
0.00122283464566929,99,16,"male"
0.00122283464566929,100,16,"male"
0,1,17,"male"
0,2,17,"male"
0,3,17,"male"
0,4,17,"male"
0,5,17,"male"
0,6,17,"male"
0,7,17,"male"
0,8,17,"male"
0,9,17,"male"
0,10,17,"male"
0,11,17,"male"
0,12,17,"male"
0,13,17,"male"
0,14,17,"male"
0,15,17,"male"
0,16,17,"male"
0,17,17,"male"
0,18,17,"male"
0,19,17,"male"
0,20,17,"male"
0,21,17,"male"
0,22,17,"male"
0,23,17,"male"
0,24,17,"male"
0,25,17,"male"
0,26,17,"male"
0,27,17,"male"
0,28,17,"male"
0,29,17,"male"
0,30,17,"male"
0,31,17,"male"
0.00645305661827995,32,17,"male"
0.00645305661827995,33,17,"male"
0.00645305661827995,34,17,"male"
0.00645305661827995,35,17,"male"
0.00645305661827995,36,17,"male"
0.0711098261440833,37,17,"male"
0.0711098261440833,38,17,"male"
0.0711098261440833,39,17,"male"
0.0711098261440833,40,17,"male"
0.0711098261440833,41,17,"male"
0.127018955156862,42,17,"male"
0.127018955156862,43,17,"male"
0.127018955156862,44,17,"male"
0.127018955156862,45,17,"male"
0.127018955156862,46,17,"male"
0.120327306742064,47,17,"male"
0.120327306742064,48,17,"male"
0.120327306742064,49,17,"male"
0.120327306742064,50,17,"male"
0.120327306742064,51,17,"male"
0.0913750130821872,52,17,"male"
0.0913750130821872,53,17,"male"
0.0913750130821872,54,17,"male"
0.0913750130821872,55,17,"male"
0.0913750130821872,56,17,"male"
0.0544557605758733,57,17,"male"
0.0544557605758733,58,17,"male"
0.0544557605758733,59,17,"male"
0.0544557605758733,60,17,"male"
0.0544557605758733,61,17,"male"
0.0259193089489936,62,17,"male"
0.0259193089489936,63,17,"male"
0.0259193089489936,64,17,"male"
0.0259193089489936,65,17,"male"
0.0259193089489936,66,17,"male"
0.00982584615384615,67,17,"male"
0.00982584615384615,68,17,"male"
0.00982584615384615,69,17,"male"
0.00982584615384615,70,17,"male"
0.00982584615384615,71,17,"male"
0.00519559228650138,72,17,"male"
0.00519559228650138,73,17,"male"
0.00519559228650138,74,17,"male"
0.00519559228650138,75,17,"male"
0.00519559228650138,76,17,"male"
0.00244055068836045,77,17,"male"
0.00244055068836045,78,17,"male"
0.00244055068836045,79,17,"male"
0.00244055068836045,80,17,"male"
0.00244055068836045,81,17,"male"
0.00122283464566929,82,17,"male"
0.00122283464566929,83,17,"male"
0.00122283464566929,84,17,"male"
0.00122283464566929,85,17,"male"
0.00122283464566929,86,17,"male"
0.00122283464566929,87,17,"male"
0.00122283464566929,88,17,"male"
0.00122283464566929,89,17,"male"
0.00122283464566929,90,17,"male"
0.00122283464566929,91,17,"male"
0.00122283464566929,92,17,"male"
0.00122283464566929,93,17,"male"
0.00122283464566929,94,17,"male"
0.00122283464566929,95,17,"male"
0.00122283464566929,96,17,"male"
0.00122283464566929,97,17,"male"
0.00122283464566929,98,17,"male"
0.00122283464566929,99,17,"male"
0.00122283464566929,100,17,"male"
