"prob","mother_age","child_age","gender"
0,1,0,"female"
0,2,0,"female"
0,3,0,"female"
0,4,0,"female"
0,5,0,"female"
0,6,0,"female"
0,7,0,"female"
0,8,0,"female"
0,9,0,"female"
0,10,0,"female"
0,11,0,"female"
0,12,0,"female"
0,13,0,"female"
0,14,0,"female"
0.0564954731016688,15,0,"female"
0.0564954731016688,16,0,"female"
0.0564954731016688,17,0,"female"
0.0564954731016688,18,0,"female"
0.0564954731016688,19,0,"female"
0.126897047676598,20,0,"female"
0.126897047676598,21,0,"female"
0.126897047676598,22,0,"female"
0.126897047676598,23,0,"female"
0.126897047676598,24,0,"female"
0.134156502581519,25,0,"female"
0.134156502581519,26,0,"female"
0.134156502581519,27,0,"female"
0.134156502581519,28,0,"female"
0.134156502581519,29,0,"female"
0.115658186885701,30,0,"female"
0.115658186885701,31,0,"female"
0.115658186885701,32,0,"female"
0.115658186885701,33,0,"female"
0.115658186885701,34,0,"female"
0.0757047290795452,35,0,"female"
0.0757047290795452,36,0,"female"
0.0757047290795452,37,0,"female"
0.0757047290795452,38,0,"female"
0.0757047290795452,39,0,"female"
0.0267541950056199,40,0,"female"
0.0267541950056199,41,0,"female"
0.0267541950056199,42,0,"female"
0.0267541950056199,43,0,"female"
0.0267541950056199,44,0,"female"
0.00438974691709907,45,0,"female"
0.00438974691709907,46,0,"female"
0.00438974691709907,47,0,"female"
0.00438974691709907,48,0,"female"
0.00438974691709907,49,0,"female"
0,50,0,"female"
0,51,0,"female"
0,52,0,"female"
0,53,0,"female"
0,54,0,"female"
0,55,0,"female"
0,56,0,"female"
0,57,0,"female"
0,58,0,"female"
0,59,0,"female"
0,60,0,"female"
0,61,0,"female"
0,62,0,"female"
0,63,0,"female"
0,64,0,"female"
0,65,0,"female"
0,66,0,"female"
0,67,0,"female"
0,68,0,"female"
0,69,0,"female"
0,70,0,"female"
0,71,0,"female"
0,72,0,"female"
0,73,0,"female"
0,74,0,"female"
0,75,0,"female"
0,76,0,"female"
0,77,0,"female"
0,78,0,"female"
0,79,0,"female"
0,80,0,"female"
0,81,0,"female"
0,82,0,"female"
0,83,0,"female"
0,84,0,"female"
0,85,0,"female"
0,86,0,"female"
0,87,0,"female"
0,88,0,"female"
0,89,0,"female"
0,90,0,"female"
0,91,0,"female"
0,92,0,"female"
0,93,0,"female"
0,94,0,"female"
0,95,0,"female"
0,96,0,"female"
0,97,0,"female"
0,98,0,"female"
0,99,0,"female"
0,100,0,"female"
0,1,1,"female"
0,2,1,"female"
0,3,1,"female"
0,4,1,"female"
0,5,1,"female"
0,6,1,"female"
0,7,1,"female"
0,8,1,"female"
0,9,1,"female"
0,10,1,"female"
0,11,1,"female"
0,12,1,"female"
0,13,1,"female"
0,14,1,"female"
0,15,1,"female"
0.0564954731016688,16,1,"female"
0.0564954731016688,17,1,"female"
0.0564954731016688,18,1,"female"
0.0564954731016688,19,1,"female"
0.0564954731016688,20,1,"female"
0.126897047676598,21,1,"female"
0.126897047676598,22,1,"female"
0.126897047676598,23,1,"female"
0.126897047676598,24,1,"female"
0.126897047676598,25,1,"female"
0.134156502581519,26,1,"female"
0.134156502581519,27,1,"female"
0.134156502581519,28,1,"female"
0.134156502581519,29,1,"female"
0.134156502581519,30,1,"female"
0.115658186885701,31,1,"female"
0.115658186885701,32,1,"female"
0.115658186885701,33,1,"female"
0.115658186885701,34,1,"female"
0.115658186885701,35,1,"female"
0.0757047290795452,36,1,"female"
0.0757047290795452,37,1,"female"
0.0757047290795452,38,1,"female"
0.0757047290795452,39,1,"female"
0.0757047290795452,40,1,"female"
0.0267541950056199,41,1,"female"
0.0267541950056199,42,1,"female"
0.0267541950056199,43,1,"female"
0.0267541950056199,44,1,"female"
0.0267541950056199,45,1,"female"
0.00438974691709907,46,1,"female"
0.00438974691709907,47,1,"female"
0.00438974691709907,48,1,"female"
0.00438974691709907,49,1,"female"
0.00438974691709907,50,1,"female"
0,51,1,"female"
0,52,1,"female"
0,53,1,"female"
0,54,1,"female"
0,55,1,"female"
0,56,1,"female"
0,57,1,"female"
0,58,1,"female"
0,59,1,"female"
0,60,1,"female"
0,61,1,"female"
0,62,1,"female"
0,63,1,"female"
0,64,1,"female"
0,65,1,"female"
0,66,1,"female"
0,67,1,"female"
0,68,1,"female"
0,69,1,"female"
0,70,1,"female"
0,71,1,"female"
0,72,1,"female"
0,73,1,"female"
0,74,1,"female"
0,75,1,"female"
0,76,1,"female"
0,77,1,"female"
0,78,1,"female"
0,79,1,"female"
0,80,1,"female"
0,81,1,"female"
0,82,1,"female"
0,83,1,"female"
0,84,1,"female"
0,85,1,"female"
0,86,1,"female"
0,87,1,"female"
0,88,1,"female"
0,89,1,"female"
0,90,1,"female"
0,91,1,"female"
0,92,1,"female"
0,93,1,"female"
0,94,1,"female"
0,95,1,"female"
0,96,1,"female"
0,97,1,"female"
0,98,1,"female"
0,99,1,"female"
0,100,1,"female"
0,1,2,"female"
0,2,2,"female"
0,3,2,"female"
0,4,2,"female"
0,5,2,"female"
0,6,2,"female"
0,7,2,"female"
0,8,2,"female"
0,9,2,"female"
0,10,2,"female"
0,11,2,"female"
0,12,2,"female"
0,13,2,"female"
0,14,2,"female"
0,15,2,"female"
0,16,2,"female"
0.0564954731016688,17,2,"female"
0.0564954731016688,18,2,"female"
0.0564954731016688,19,2,"female"
0.0564954731016688,20,2,"female"
0.0564954731016688,21,2,"female"
0.126897047676598,22,2,"female"
0.126897047676598,23,2,"female"
0.126897047676598,24,2,"female"
0.126897047676598,25,2,"female"
0.126897047676598,26,2,"female"
0.134156502581519,27,2,"female"
0.134156502581519,28,2,"female"
0.134156502581519,29,2,"female"
0.134156502581519,30,2,"female"
0.134156502581519,31,2,"female"
0.115658186885701,32,2,"female"
0.115658186885701,33,2,"female"
0.115658186885701,34,2,"female"
0.115658186885701,35,2,"female"
0.115658186885701,36,2,"female"
0.0757047290795452,37,2,"female"
0.0757047290795452,38,2,"female"
0.0757047290795452,39,2,"female"
0.0757047290795452,40,2,"female"
0.0757047290795452,41,2,"female"
0.0267541950056199,42,2,"female"
0.0267541950056199,43,2,"female"
0.0267541950056199,44,2,"female"
0.0267541950056199,45,2,"female"
0.0267541950056199,46,2,"female"
0.00438974691709907,47,2,"female"
0.00438974691709907,48,2,"female"
0.00438974691709907,49,2,"female"
0.00438974691709907,50,2,"female"
0.00438974691709907,51,2,"female"
0,52,2,"female"
0,53,2,"female"
0,54,2,"female"
0,55,2,"female"
0,56,2,"female"
0,57,2,"female"
0,58,2,"female"
0,59,2,"female"
0,60,2,"female"
0,61,2,"female"
0,62,2,"female"
0,63,2,"female"
0,64,2,"female"
0,65,2,"female"
0,66,2,"female"
0,67,2,"female"
0,68,2,"female"
0,69,2,"female"
0,70,2,"female"
0,71,2,"female"
0,72,2,"female"
0,73,2,"female"
0,74,2,"female"
0,75,2,"female"
0,76,2,"female"
0,77,2,"female"
0,78,2,"female"
0,79,2,"female"
0,80,2,"female"
0,81,2,"female"
0,82,2,"female"
0,83,2,"female"
0,84,2,"female"
0,85,2,"female"
0,86,2,"female"
0,87,2,"female"
0,88,2,"female"
0,89,2,"female"
0,90,2,"female"
0,91,2,"female"
0,92,2,"female"
0,93,2,"female"
0,94,2,"female"
0,95,2,"female"
0,96,2,"female"
0,97,2,"female"
0,98,2,"female"
0,99,2,"female"
0,100,2,"female"
0,1,3,"female"
0,2,3,"female"
0,3,3,"female"
0,4,3,"female"
0,5,3,"female"
0,6,3,"female"
0,7,3,"female"
0,8,3,"female"
0,9,3,"female"
0,10,3,"female"
0,11,3,"female"
0,12,3,"female"
0,13,3,"female"
0,14,3,"female"
0,15,3,"female"
0,16,3,"female"
0,17,3,"female"
0.0564954731016688,18,3,"female"
0.0564954731016688,19,3,"female"
0.0564954731016688,20,3,"female"
0.0564954731016688,21,3,"female"
0.0564954731016688,22,3,"female"
0.126897047676598,23,3,"female"
0.126897047676598,24,3,"female"
0.126897047676598,25,3,"female"
0.126897047676598,26,3,"female"
0.126897047676598,27,3,"female"
0.134156502581519,28,3,"female"
0.134156502581519,29,3,"female"
0.134156502581519,30,3,"female"
0.134156502581519,31,3,"female"
0.134156502581519,32,3,"female"
0.115658186885701,33,3,"female"
0.115658186885701,34,3,"female"
0.115658186885701,35,3,"female"
0.115658186885701,36,3,"female"
0.115658186885701,37,3,"female"
0.0757047290795452,38,3,"female"
0.0757047290795452,39,3,"female"
0.0757047290795452,40,3,"female"
0.0757047290795452,41,3,"female"
0.0757047290795452,42,3,"female"
0.0267541950056199,43,3,"female"
0.0267541950056199,44,3,"female"
0.0267541950056199,45,3,"female"
0.0267541950056199,46,3,"female"
0.0267541950056199,47,3,"female"
0.00438974691709907,48,3,"female"
0.00438974691709907,49,3,"female"
0.00438974691709907,50,3,"female"
0.00438974691709907,51,3,"female"
0.00438974691709907,52,3,"female"
0,53,3,"female"
0,54,3,"female"
0,55,3,"female"
0,56,3,"female"
0,57,3,"female"
0,58,3,"female"
0,59,3,"female"
0,60,3,"female"
0,61,3,"female"
0,62,3,"female"
0,63,3,"female"
0,64,3,"female"
0,65,3,"female"
0,66,3,"female"
0,67,3,"female"
0,68,3,"female"
0,69,3,"female"
0,70,3,"female"
0,71,3,"female"
0,72,3,"female"
0,73,3,"female"
0,74,3,"female"
0,75,3,"female"
0,76,3,"female"
0,77,3,"female"
0,78,3,"female"
0,79,3,"female"
0,80,3,"female"
0,81,3,"female"
0,82,3,"female"
0,83,3,"female"
0,84,3,"female"
0,85,3,"female"
0,86,3,"female"
0,87,3,"female"
0,88,3,"female"
0,89,3,"female"
0,90,3,"female"
0,91,3,"female"
0,92,3,"female"
0,93,3,"female"
0,94,3,"female"
0,95,3,"female"
0,96,3,"female"
0,97,3,"female"
0,98,3,"female"
0,99,3,"female"
0,100,3,"female"
0,1,4,"female"
0,2,4,"female"
0,3,4,"female"
0,4,4,"female"
0,5,4,"female"
0,6,4,"female"
0,7,4,"female"
0,8,4,"female"
0,9,4,"female"
0,10,4,"female"
0,11,4,"female"
0,12,4,"female"
0,13,4,"female"
0,14,4,"female"
0,15,4,"female"
0,16,4,"female"
0,17,4,"female"
0,18,4,"female"
0.0564954731016688,19,4,"female"
0.0564954731016688,20,4,"female"
0.0564954731016688,21,4,"female"
0.0564954731016688,22,4,"female"
0.0564954731016688,23,4,"female"
0.126897047676598,24,4,"female"
0.126897047676598,25,4,"female"
0.126897047676598,26,4,"female"
0.126897047676598,27,4,"female"
0.126897047676598,28,4,"female"
0.134156502581519,29,4,"female"
0.134156502581519,30,4,"female"
0.134156502581519,31,4,"female"
0.134156502581519,32,4,"female"
0.134156502581519,33,4,"female"
0.115658186885701,34,4,"female"
0.115658186885701,35,4,"female"
0.115658186885701,36,4,"female"
0.115658186885701,37,4,"female"
0.115658186885701,38,4,"female"
0.0757047290795452,39,4,"female"
0.0757047290795452,40,4,"female"
0.0757047290795452,41,4,"female"
0.0757047290795452,42,4,"female"
0.0757047290795452,43,4,"female"
0.0267541950056199,44,4,"female"
0.0267541950056199,45,4,"female"
0.0267541950056199,46,4,"female"
0.0267541950056199,47,4,"female"
0.0267541950056199,48,4,"female"
0.00438974691709907,49,4,"female"
0.00438974691709907,50,4,"female"
0.00438974691709907,51,4,"female"
0.00438974691709907,52,4,"female"
0.00438974691709907,53,4,"female"
0,54,4,"female"
0,55,4,"female"
0,56,4,"female"
0,57,4,"female"
0,58,4,"female"
0,59,4,"female"
0,60,4,"female"
0,61,4,"female"
0,62,4,"female"
0,63,4,"female"
0,64,4,"female"
0,65,4,"female"
0,66,4,"female"
0,67,4,"female"
0,68,4,"female"
0,69,4,"female"
0,70,4,"female"
0,71,4,"female"
0,72,4,"female"
0,73,4,"female"
0,74,4,"female"
0,75,4,"female"
0,76,4,"female"
0,77,4,"female"
0,78,4,"female"
0,79,4,"female"
0,80,4,"female"
0,81,4,"female"
0,82,4,"female"
0,83,4,"female"
0,84,4,"female"
0,85,4,"female"
0,86,4,"female"
0,87,4,"female"
0,88,4,"female"
0,89,4,"female"
0,90,4,"female"
0,91,4,"female"
0,92,4,"female"
0,93,4,"female"
0,94,4,"female"
0,95,4,"female"
0,96,4,"female"
0,97,4,"female"
0,98,4,"female"
0,99,4,"female"
0,100,4,"female"
0,1,5,"female"
0,2,5,"female"
0,3,5,"female"
0,4,5,"female"
0,5,5,"female"
0,6,5,"female"
0,7,5,"female"
0,8,5,"female"
0,9,5,"female"
0,10,5,"female"
0,11,5,"female"
0,12,5,"female"
0,13,5,"female"
0,14,5,"female"
0,15,5,"female"
0,16,5,"female"
0,17,5,"female"
0,18,5,"female"
0,19,5,"female"
0.0564954731016688,20,5,"female"
0.0564954731016688,21,5,"female"
0.0564954731016688,22,5,"female"
0.0564954731016688,23,5,"female"
0.0564954731016688,24,5,"female"
0.126897047676598,25,5,"female"
0.126897047676598,26,5,"female"
0.126897047676598,27,5,"female"
0.126897047676598,28,5,"female"
0.126897047676598,29,5,"female"
0.134156502581519,30,5,"female"
0.134156502581519,31,5,"female"
0.134156502581519,32,5,"female"
0.134156502581519,33,5,"female"
0.134156502581519,34,5,"female"
0.115658186885701,35,5,"female"
0.115658186885701,36,5,"female"
0.115658186885701,37,5,"female"
0.115658186885701,38,5,"female"
0.115658186885701,39,5,"female"
0.0757047290795452,40,5,"female"
0.0757047290795452,41,5,"female"
0.0757047290795452,42,5,"female"
0.0757047290795452,43,5,"female"
0.0757047290795452,44,5,"female"
0.0267541950056199,45,5,"female"
0.0267541950056199,46,5,"female"
0.0267541950056199,47,5,"female"
0.0267541950056199,48,5,"female"
0.0267541950056199,49,5,"female"
0.00438974691709907,50,5,"female"
0.00438974691709907,51,5,"female"
0.00438974691709907,52,5,"female"
0.00438974691709907,53,5,"female"
0.00483063290851511,54,5,"female"
0,55,5,"female"
0,56,5,"female"
0,57,5,"female"
0,58,5,"female"
0,59,5,"female"
0,60,5,"female"
0,61,5,"female"
0,62,5,"female"
0,63,5,"female"
0,64,5,"female"
0,65,5,"female"
0,66,5,"female"
0,67,5,"female"
0,68,5,"female"
0,69,5,"female"
0,70,5,"female"
0,71,5,"female"
0,72,5,"female"
0,73,5,"female"
0,74,5,"female"
0,75,5,"female"
0,76,5,"female"
0,77,5,"female"
0,78,5,"female"
0,79,5,"female"
0,80,5,"female"
0,81,5,"female"
0,82,5,"female"
0,83,5,"female"
0,84,5,"female"
0,85,5,"female"
0,86,5,"female"
0,87,5,"female"
0,88,5,"female"
0,89,5,"female"
0,90,5,"female"
0,91,5,"female"
0,92,5,"female"
0,93,5,"female"
0,94,5,"female"
0,95,5,"female"
0,96,5,"female"
0,97,5,"female"
0,98,5,"female"
0,99,5,"female"
0,100,5,"female"
0,1,6,"female"
0,2,6,"female"
0,3,6,"female"
0,4,6,"female"
0,5,6,"female"
0,6,6,"female"
0,7,6,"female"
0,8,6,"female"
0,9,6,"female"
0,10,6,"female"
0,11,6,"female"
0,12,6,"female"
0,13,6,"female"
0,14,6,"female"
0,15,6,"female"
0,16,6,"female"
0,17,6,"female"
0,18,6,"female"
0,19,6,"female"
0,20,6,"female"
0.0564954731016688,21,6,"female"
0.0564954731016688,22,6,"female"
0.0564954731016688,23,6,"female"
0.0564954731016688,24,6,"female"
0.0564954731016688,25,6,"female"
0.126897047676598,26,6,"female"
0.126897047676598,27,6,"female"
0.126897047676598,28,6,"female"
0.126897047676598,29,6,"female"
0.126897047676598,30,6,"female"
0.134156502581519,31,6,"female"
0.134156502581519,32,6,"female"
0.134156502581519,33,6,"female"
0.134156502581519,34,6,"female"
0.134156502581519,35,6,"female"
0.115658186885701,36,6,"female"
0.115658186885701,37,6,"female"
0.115658186885701,38,6,"female"
0.115658186885701,39,6,"female"
0.115658186885701,40,6,"female"
0.0757047290795452,41,6,"female"
0.0757047290795452,42,6,"female"
0.0757047290795452,43,6,"female"
0.0757047290795452,44,6,"female"
0.0757047290795452,45,6,"female"
0.0267541950056199,46,6,"female"
0.0267541950056199,47,6,"female"
0.0267541950056199,48,6,"female"
0.0267541950056199,49,6,"female"
0.031962433268605,50,6,"female"
0.00438974691709907,51,6,"female"
0.00438974691709907,52,6,"female"
0.00438974691709907,53,6,"female"
0.00438974691709907,54,6,"female"
0.00483063290851511,55,6,"female"
0,56,6,"female"
0,57,6,"female"
0,58,6,"female"
0,59,6,"female"
0,60,6,"female"
0,61,6,"female"
0,62,6,"female"
0,63,6,"female"
0,64,6,"female"
0,65,6,"female"
0,66,6,"female"
0,67,6,"female"
0,68,6,"female"
0,69,6,"female"
0,70,6,"female"
0,71,6,"female"
0,72,6,"female"
0,73,6,"female"
0,74,6,"female"
0,75,6,"female"
0,76,6,"female"
0,77,6,"female"
0,78,6,"female"
0,79,6,"female"
0,80,6,"female"
0,81,6,"female"
0,82,6,"female"
0,83,6,"female"
0,84,6,"female"
0,85,6,"female"
0,86,6,"female"
0,87,6,"female"
0,88,6,"female"
0,89,6,"female"
0,90,6,"female"
0,91,6,"female"
0,92,6,"female"
0,93,6,"female"
0,94,6,"female"
0,95,6,"female"
0,96,6,"female"
0,97,6,"female"
0,98,6,"female"
0,99,6,"female"
0,100,6,"female"
0,1,7,"female"
0,2,7,"female"
0,3,7,"female"
0,4,7,"female"
0,5,7,"female"
0,6,7,"female"
0,7,7,"female"
0,8,7,"female"
0,9,7,"female"
0,10,7,"female"
0,11,7,"female"
0,12,7,"female"
0,13,7,"female"
0,14,7,"female"
0,15,7,"female"
0,16,7,"female"
0,17,7,"female"
0,18,7,"female"
0,19,7,"female"
0,20,7,"female"
0,21,7,"female"
0.0564954731016688,22,7,"female"
0.0564954731016688,23,7,"female"
0.0564954731016688,24,7,"female"
0.0564954731016688,25,7,"female"
0.0564954731016688,26,7,"female"
0.126897047676598,27,7,"female"
0.126897047676598,28,7,"female"
0.126897047676598,29,7,"female"
0.126897047676598,30,7,"female"
0.126897047676598,31,7,"female"
0.134156502581519,32,7,"female"
0.134156502581519,33,7,"female"
0.134156502581519,34,7,"female"
0.134156502581519,35,7,"female"
0.134156502581519,36,7,"female"
0.115658186885701,37,7,"female"
0.115658186885701,38,7,"female"
0.115658186885701,39,7,"female"
0.115658186885701,40,7,"female"
0.115658186885701,41,7,"female"
0.0757047290795452,42,7,"female"
0.0757047290795452,43,7,"female"
0.0757047290795452,44,7,"female"
0.0757047290795452,45,7,"female"
0.0757047290795452,46,7,"female"
0.0267541950056199,47,7,"female"
0.0267541950056199,48,7,"female"
0.0267541950056199,49,7,"female"
0.031962433268605,50,7,"female"
0.031962433268605,51,7,"female"
0.00438974691709907,52,7,"female"
0.00438974691709907,53,7,"female"
0.00438974691709907,54,7,"female"
0.00483063290851511,55,7,"female"
0.00483063290851511,56,7,"female"
0,57,7,"female"
0,58,7,"female"
0,59,7,"female"
0,60,7,"female"
0,61,7,"female"
0,62,7,"female"
0,63,7,"female"
0,64,7,"female"
0,65,7,"female"
0,66,7,"female"
0,67,7,"female"
0,68,7,"female"
0,69,7,"female"
0,70,7,"female"
0,71,7,"female"
0,72,7,"female"
0,73,7,"female"
0,74,7,"female"
0,75,7,"female"
0,76,7,"female"
0,77,7,"female"
0,78,7,"female"
0,79,7,"female"
0,80,7,"female"
0,81,7,"female"
0,82,7,"female"
0,83,7,"female"
0,84,7,"female"
0,85,7,"female"
0,86,7,"female"
0,87,7,"female"
0,88,7,"female"
0,89,7,"female"
0,90,7,"female"
0,91,7,"female"
0,92,7,"female"
0,93,7,"female"
0,94,7,"female"
0,95,7,"female"
0,96,7,"female"
0,97,7,"female"
0,98,7,"female"
0,99,7,"female"
0,100,7,"female"
0,1,8,"female"
0,2,8,"female"
0,3,8,"female"
0,4,8,"female"
0,5,8,"female"
0,6,8,"female"
0,7,8,"female"
0,8,8,"female"
0,9,8,"female"
0,10,8,"female"
0,11,8,"female"
0,12,8,"female"
0,13,8,"female"
0,14,8,"female"
0,15,8,"female"
0,16,8,"female"
0,17,8,"female"
0,18,8,"female"
0,19,8,"female"
0,20,8,"female"
0,21,8,"female"
0,22,8,"female"
0.0564954731016688,23,8,"female"
0.0564954731016688,24,8,"female"
0.0564954731016688,25,8,"female"
0.0564954731016688,26,8,"female"
0.0564954731016688,27,8,"female"
0.126897047676598,28,8,"female"
0.126897047676598,29,8,"female"
0.126897047676598,30,8,"female"
0.126897047676598,31,8,"female"
0.126897047676598,32,8,"female"
0.134156502581519,33,8,"female"
0.134156502581519,34,8,"female"
0.134156502581519,35,8,"female"
0.134156502581519,36,8,"female"
0.134156502581519,37,8,"female"
0.115658186885701,38,8,"female"
0.115658186885701,39,8,"female"
0.115658186885701,40,8,"female"
0.115658186885701,41,8,"female"
0.115658186885701,42,8,"female"
0.0757047290795452,43,8,"female"
0.0757047290795452,44,8,"female"
0.0757047290795452,45,8,"female"
0.0757047290795452,46,8,"female"
0.0757047290795452,47,8,"female"
0.0267541950056199,48,8,"female"
0.0267541950056199,49,8,"female"
0.0267541950056199,50,8,"female"
0.031962433268605,51,8,"female"
0.031962433268605,52,8,"female"
0.00438974691709907,53,8,"female"
0.00438974691709907,54,8,"female"
0.00438974691709907,55,8,"female"
0.00483063290851511,56,8,"female"
0.00483063290851511,57,8,"female"
0,58,8,"female"
0,59,8,"female"
0,60,8,"female"
0,61,8,"female"
0,62,8,"female"
0,63,8,"female"
0,64,8,"female"
0,65,8,"female"
0,66,8,"female"
0,67,8,"female"
0,68,8,"female"
0,69,8,"female"
0,70,8,"female"
0,71,8,"female"
0,72,8,"female"
0,73,8,"female"
0,74,8,"female"
0,75,8,"female"
0,76,8,"female"
0,77,8,"female"
0,78,8,"female"
0,79,8,"female"
0,80,8,"female"
0,81,8,"female"
0,82,8,"female"
0,83,8,"female"
0,84,8,"female"
0,85,8,"female"
0,86,8,"female"
0,87,8,"female"
0,88,8,"female"
0,89,8,"female"
0,90,8,"female"
0,91,8,"female"
0,92,8,"female"
0,93,8,"female"
0,94,8,"female"
0,95,8,"female"
0,96,8,"female"
0,97,8,"female"
0,98,8,"female"
0,99,8,"female"
0,100,8,"female"
0,1,9,"female"
0,2,9,"female"
0,3,9,"female"
0,4,9,"female"
0,5,9,"female"
0,6,9,"female"
0,7,9,"female"
0,8,9,"female"
0,9,9,"female"
0,10,9,"female"
0,11,9,"female"
0,12,9,"female"
0,13,9,"female"
0,14,9,"female"
0,15,9,"female"
0,16,9,"female"
0,17,9,"female"
0,18,9,"female"
0,19,9,"female"
0,20,9,"female"
0,21,9,"female"
0,22,9,"female"
0,23,9,"female"
0.0643504208321239,24,9,"female"
0.0643504208321239,25,9,"female"
0.0643504208321239,26,9,"female"
0.0643504208321239,27,9,"female"
0.0643504208321239,28,9,"female"
0.119750737169979,29,9,"female"
0.119750737169979,30,9,"female"
0.119750737169979,31,9,"female"
0.119750737169979,32,9,"female"
0.119750737169979,33,9,"female"
0.123954946720249,34,9,"female"
0.123954946720249,35,9,"female"
0.123954946720249,36,9,"female"
0.123954946720249,37,9,"female"
0.123954946720249,38,9,"female"
0.112315305295388,39,9,"female"
0.112315305295388,40,9,"female"
0.112315305295388,41,9,"female"
0.112315305295388,42,9,"female"
0.112315305295388,43,9,"female"
0.0799404013750894,44,9,"female"
0.0799404013750894,45,9,"female"
0.0799404013750894,46,9,"female"
0.0799404013750894,47,9,"female"
0.0799404013750894,48,9,"female"
0.031962433268605,49,9,"female"
0.0267541950056199,50,9,"female"
0.031962433268605,51,9,"female"
0.031962433268605,52,9,"female"
0.031962433268605,53,9,"female"
0.00438974691709907,54,9,"female"
0.00438974691709907,55,9,"female"
0.00483063290851511,56,9,"female"
0.00483063290851511,57,9,"female"
0.00483063290851511,58,9,"female"
0,59,9,"female"
0,60,9,"female"
0,61,9,"female"
0,62,9,"female"
0,63,9,"female"
0,64,9,"female"
0,65,9,"female"
0,66,9,"female"
0,67,9,"female"
0,68,9,"female"
0,69,9,"female"
0,70,9,"female"
0,71,9,"female"
0,72,9,"female"
0,73,9,"female"
0,74,9,"female"
0,75,9,"female"
0,76,9,"female"
0,77,9,"female"
0,78,9,"female"
0,79,9,"female"
0,80,9,"female"
0,81,9,"female"
0,82,9,"female"
0,83,9,"female"
0,84,9,"female"
0,85,9,"female"
0,86,9,"female"
0,87,9,"female"
0,88,9,"female"
0,89,9,"female"
0,90,9,"female"
0,91,9,"female"
0,92,9,"female"
0,93,9,"female"
0,94,9,"female"
0,95,9,"female"
0,96,9,"female"
0,97,9,"female"
0,98,9,"female"
0,99,9,"female"
0,100,9,"female"
0,1,10,"female"
0,2,10,"female"
0,3,10,"female"
0,4,10,"female"
0,5,10,"female"
0,6,10,"female"
0,7,10,"female"
0,8,10,"female"
0,9,10,"female"
0,10,10,"female"
0,11,10,"female"
0,12,10,"female"
0,13,10,"female"
0,14,10,"female"
0,15,10,"female"
0,16,10,"female"
0,17,10,"female"
0,18,10,"female"
0,19,10,"female"
0,20,10,"female"
0,21,10,"female"
0,22,10,"female"
0,23,10,"female"
0,24,10,"female"
0.0643504208321239,25,10,"female"
0.0643504208321239,26,10,"female"
0.0643504208321239,27,10,"female"
0.0643504208321239,28,10,"female"
0.0643504208321239,29,10,"female"
0.119750737169979,30,10,"female"
0.119750737169979,31,10,"female"
0.119750737169979,32,10,"female"
0.119750737169979,33,10,"female"
0.119750737169979,34,10,"female"
0.123954946720249,35,10,"female"
0.123954946720249,36,10,"female"
0.123954946720249,37,10,"female"
0.123954946720249,38,10,"female"
0.123954946720249,39,10,"female"
0.112315305295388,40,10,"female"
0.112315305295388,41,10,"female"
0.112315305295388,42,10,"female"
0.112315305295388,43,10,"female"
0.112315305295388,44,10,"female"
0.0799404013750894,45,10,"female"
0.0799404013750894,46,10,"female"
0.0799404013750894,47,10,"female"
0.0799404013750894,48,10,"female"
0.0799404013750894,49,10,"female"
0.0267541950056199,50,10,"female"
0.0267541950056199,51,10,"female"
0.031962433268605,52,10,"female"
0.031962433268605,53,10,"female"
0.0317451044618826,54,10,"female"
0.00438974691709907,55,10,"female"
0.00438974691709907,56,10,"female"
0.00483063290851511,57,10,"female"
0.00483063290851511,58,10,"female"
0.0048951535501084,59,10,"female"
0,60,10,"female"
0,61,10,"female"
0,62,10,"female"
0,63,10,"female"
0,64,10,"female"
0,65,10,"female"
0,66,10,"female"
0,67,10,"female"
0,68,10,"female"
0,69,10,"female"
0,70,10,"female"
0,71,10,"female"
0,72,10,"female"
0,73,10,"female"
0,74,10,"female"
0,75,10,"female"
0,76,10,"female"
0,77,10,"female"
0,78,10,"female"
0,79,10,"female"
0,80,10,"female"
0,81,10,"female"
0,82,10,"female"
0,83,10,"female"
0,84,10,"female"
0,85,10,"female"
0,86,10,"female"
0,87,10,"female"
0,88,10,"female"
0,89,10,"female"
0,90,10,"female"
0,91,10,"female"
0,92,10,"female"
0,93,10,"female"
0,94,10,"female"
0,95,10,"female"
0,96,10,"female"
0,97,10,"female"
0,98,10,"female"
0,99,10,"female"
0,100,10,"female"
0,1,11,"female"
0,2,11,"female"
0,3,11,"female"
0,4,11,"female"
0,5,11,"female"
0,6,11,"female"
0,7,11,"female"
0,8,11,"female"
0,9,11,"female"
0,10,11,"female"
0,11,11,"female"
0,12,11,"female"
0,13,11,"female"
0,14,11,"female"
0,15,11,"female"
0,16,11,"female"
0,17,11,"female"
0,18,11,"female"
0,19,11,"female"
0,20,11,"female"
0,21,11,"female"
0,22,11,"female"
0,23,11,"female"
0,24,11,"female"
0,25,11,"female"
0.0643504208321239,26,11,"female"
0.0643504208321239,27,11,"female"
0.0643504208321239,28,11,"female"
0.0643504208321239,29,11,"female"
0.0643504208321239,30,11,"female"
0.119750737169979,31,11,"female"
0.119750737169979,32,11,"female"
0.119750737169979,33,11,"female"
0.119750737169979,34,11,"female"
0.119750737169979,35,11,"female"
0.123954946720249,36,11,"female"
0.123954946720249,37,11,"female"
0.123954946720249,38,11,"female"
0.123954946720249,39,11,"female"
0.123954946720249,40,11,"female"
0.112315305295388,41,11,"female"
0.112315305295388,42,11,"female"
0.112315305295388,43,11,"female"
0.112315305295388,44,11,"female"
0.112315305295388,45,11,"female"
0.0799404013750894,46,11,"female"
0.0799404013750894,47,11,"female"
0.0799404013750894,48,11,"female"
0.0799404013750894,49,11,"female"
0.0761615514578661,50,11,"female"
0.0267541950056199,51,11,"female"
0.031962433268605,52,11,"female"
0.031962433268605,53,11,"female"
0.031962433268605,54,11,"female"
0.0317451044618826,55,11,"female"
0.00438974691709907,56,11,"female"
0.00483063290851511,57,11,"female"
0.00483063290851511,58,11,"female"
0.00483063290851511,59,11,"female"
0.0048951535501084,60,11,"female"
0,61,11,"female"
0,62,11,"female"
0,63,11,"female"
0,64,11,"female"
0,65,11,"female"
0,66,11,"female"
0,67,11,"female"
0,68,11,"female"
0,69,11,"female"
0,70,11,"female"
0,71,11,"female"
0,72,11,"female"
0,73,11,"female"
0,74,11,"female"
0,75,11,"female"
0,76,11,"female"
0,77,11,"female"
0,78,11,"female"
0,79,11,"female"
0,80,11,"female"
0,81,11,"female"
0,82,11,"female"
0,83,11,"female"
0,84,11,"female"
0,85,11,"female"
0,86,11,"female"
0,87,11,"female"
0,88,11,"female"
0,89,11,"female"
0,90,11,"female"
0,91,11,"female"
0,92,11,"female"
0,93,11,"female"
0,94,11,"female"
0,95,11,"female"
0,96,11,"female"
0,97,11,"female"
0,98,11,"female"
0,99,11,"female"
0,100,11,"female"
0,1,12,"female"
0,2,12,"female"
0,3,12,"female"
0,4,12,"female"
0,5,12,"female"
0,6,12,"female"
0,7,12,"female"
0,8,12,"female"
0,9,12,"female"
0,10,12,"female"
0,11,12,"female"
0,12,12,"female"
0,13,12,"female"
0,14,12,"female"
0,15,12,"female"
0,16,12,"female"
0,17,12,"female"
0,18,12,"female"
0,19,12,"female"
0,20,12,"female"
0,21,12,"female"
0,22,12,"female"
0,23,12,"female"
0,24,12,"female"
0,25,12,"female"
0,26,12,"female"
0.0643504208321239,27,12,"female"
0.0643504208321239,28,12,"female"
0.0643504208321239,29,12,"female"
0.0643504208321239,30,12,"female"
0.0643504208321239,31,12,"female"
0.119750737169979,32,12,"female"
0.119750737169979,33,12,"female"
0.119750737169979,34,12,"female"
0.119750737169979,35,12,"female"
0.119750737169979,36,12,"female"
0.123954946720249,37,12,"female"
0.123954946720249,38,12,"female"
0.123954946720249,39,12,"female"
0.123954946720249,40,12,"female"
0.123954946720249,41,12,"female"
0.112315305295388,42,12,"female"
0.112315305295388,43,12,"female"
0.112315305295388,44,12,"female"
0.112315305295388,45,12,"female"
0.112315305295388,46,12,"female"
0.0799404013750894,47,12,"female"
0.0799404013750894,48,12,"female"
0.0799404013750894,49,12,"female"
0.0761615514578661,50,12,"female"
0.0761615514578661,51,12,"female"
0.0267541950056199,52,12,"female"
0.031962433268605,53,12,"female"
0.031962433268605,54,12,"female"
0.0317451044618826,55,12,"female"
0.0317451044618826,56,12,"female"
0.00438974691709907,57,12,"female"
0.00483063290851511,58,12,"female"
0.00483063290851511,59,12,"female"
0.0048951535501084,60,12,"female"
0.0048951535501084,61,12,"female"
0,62,12,"female"
0,63,12,"female"
0,64,12,"female"
0,65,12,"female"
0,66,12,"female"
0,67,12,"female"
0,68,12,"female"
0,69,12,"female"
0,70,12,"female"
0,71,12,"female"
0,72,12,"female"
0,73,12,"female"
0,74,12,"female"
0,75,12,"female"
0,76,12,"female"
0,77,12,"female"
0,78,12,"female"
0,79,12,"female"
0,80,12,"female"
0,81,12,"female"
0,82,12,"female"
0,83,12,"female"
0,84,12,"female"
0,85,12,"female"
0,86,12,"female"
0,87,12,"female"
0,88,12,"female"
0,89,12,"female"
0,90,12,"female"
0,91,12,"female"
0,92,12,"female"
0,93,12,"female"
0,94,12,"female"
0,95,12,"female"
0,96,12,"female"
0,97,12,"female"
0,98,12,"female"
0,99,12,"female"
0,100,12,"female"
0,1,13,"female"
0,2,13,"female"
0,3,13,"female"
0,4,13,"female"
0,5,13,"female"
0,6,13,"female"
0,7,13,"female"
0,8,13,"female"
0,9,13,"female"
0,10,13,"female"
0,11,13,"female"
0,12,13,"female"
0,13,13,"female"
0,14,13,"female"
0,15,13,"female"
0,16,13,"female"
0,17,13,"female"
0,18,13,"female"
0,19,13,"female"
0,20,13,"female"
0,21,13,"female"
0,22,13,"female"
0,23,13,"female"
0,24,13,"female"
0,25,13,"female"
0,26,13,"female"
0,27,13,"female"
0.0643504208321239,28,13,"female"
0.0643504208321239,29,13,"female"
0.0643504208321239,30,13,"female"
0.0643504208321239,31,13,"female"
0.0643504208321239,32,13,"female"
0.119750737169979,33,13,"female"
0.119750737169979,34,13,"female"
0.119750737169979,35,13,"female"
0.119750737169979,36,13,"female"
0.119750737169979,37,13,"female"
0.123954946720249,38,13,"female"
0.123954946720249,39,13,"female"
0.123954946720249,40,13,"female"
0.123954946720249,41,13,"female"
0.123954946720249,42,13,"female"
0.112315305295388,43,13,"female"
0.112315305295388,44,13,"female"
0.112315305295388,45,13,"female"
0.112315305295388,46,13,"female"
0.112315305295388,47,13,"female"
0.0799404013750894,48,13,"female"
0.0799404013750894,49,13,"female"
0.0799404013750894,50,13,"female"
0.0761615514578661,51,13,"female"
0.0761615514578661,52,13,"female"
0.031962433268605,53,13,"female"
0.031962433268605,54,13,"female"
0.031962433268605,55,13,"female"
0.0317451044618826,56,13,"female"
0.0317451044618826,57,13,"female"
0.00483063290851511,58,13,"female"
0.00483063290851511,59,13,"female"
0.00483063290851511,60,13,"female"
0.0048951535501084,61,13,"female"
0.0048951535501084,62,13,"female"
0,63,13,"female"
0,64,13,"female"
0,65,13,"female"
0,66,13,"female"
0,67,13,"female"
0,68,13,"female"
0,69,13,"female"
0,70,13,"female"
0,71,13,"female"
0,72,13,"female"
0,73,13,"female"
0,74,13,"female"
0,75,13,"female"
0,76,13,"female"
0,77,13,"female"
0,78,13,"female"
0,79,13,"female"
0,80,13,"female"
0,81,13,"female"
0,82,13,"female"
0,83,13,"female"
0,84,13,"female"
0,85,13,"female"
0,86,13,"female"
0,87,13,"female"
0,88,13,"female"
0,89,13,"female"
0,90,13,"female"
0,91,13,"female"
0,92,13,"female"
0,93,13,"female"
0,94,13,"female"
0,95,13,"female"
0,96,13,"female"
0,97,13,"female"
0,98,13,"female"
0,99,13,"female"
0,100,13,"female"
0,1,14,"female"
0,2,14,"female"
0,3,14,"female"
0,4,14,"female"
0,5,14,"female"
0,6,14,"female"
0,7,14,"female"
0,8,14,"female"
0,9,14,"female"
0,10,14,"female"
0,11,14,"female"
0,12,14,"female"
0,13,14,"female"
0,14,14,"female"
0,15,14,"female"
0,16,14,"female"
0,17,14,"female"
0,18,14,"female"
0,19,14,"female"
0,20,14,"female"
0,21,14,"female"
0,22,14,"female"
0,23,14,"female"
0,24,14,"female"
0,25,14,"female"
0,26,14,"female"
0,27,14,"female"
0,28,14,"female"
0.0440297759574237,29,14,"female"
0.0440297759574237,30,14,"female"
0.0440297759574237,31,14,"female"
0.0440297759574237,32,14,"female"
0.0440297759574237,33,14,"female"
0.105197499179839,34,14,"female"
0.105197499179839,35,14,"female"
0.105197499179839,36,14,"female"
0.105197499179839,37,14,"female"
0.105197499179839,38,14,"female"
0.0992649189781458,39,14,"female"
0.0992649189781458,40,14,"female"
0.0992649189781458,41,14,"female"
0.0992649189781458,42,14,"female"
0.0992649189781458,43,14,"female"
0.0999552937204923,44,14,"female"
0.0999552937204923,45,14,"female"
0.0999552937204923,46,14,"female"
0.0999552937204923,47,14,"female"
0.0999552937204923,48,14,"female"
0.0761615514578661,49,14,"female"
0.0799404013750894,50,14,"female"
0.0761615514578661,51,14,"female"
0.0761615514578661,52,14,"female"
0.0761615514578661,53,14,"female"
0.031962433268605,54,14,"female"
0.031962433268605,55,14,"female"
0.0317451044618826,56,14,"female"
0.0317451044618826,57,14,"female"
0.0317451044618826,58,14,"female"
0.00483063290851511,59,14,"female"
0.00483063290851511,60,14,"female"
0.0048951535501084,61,14,"female"
0.0048951535501084,62,14,"female"
0.0048951535501084,63,14,"female"
0,64,14,"female"
0,65,14,"female"
0,66,14,"female"
0,67,14,"female"
0,68,14,"female"
0,69,14,"female"
0,70,14,"female"
0,71,14,"female"
0,72,14,"female"
0,73,14,"female"
0,74,14,"female"
0,75,14,"female"
0,76,14,"female"
0,77,14,"female"
0,78,14,"female"
0,79,14,"female"
0,80,14,"female"
0,81,14,"female"
0,82,14,"female"
0,83,14,"female"
0,84,14,"female"
0,85,14,"female"
0,86,14,"female"
0,87,14,"female"
0,88,14,"female"
0,89,14,"female"
0,90,14,"female"
0,91,14,"female"
0,92,14,"female"
0,93,14,"female"
0,94,14,"female"
0,95,14,"female"
0,96,14,"female"
0,97,14,"female"
0,98,14,"female"
0,99,14,"female"
0,100,14,"female"
0,1,15,"female"
0,2,15,"female"
0,3,15,"female"
0,4,15,"female"
0,5,15,"female"
0,6,15,"female"
0,7,15,"female"
0,8,15,"female"
0,9,15,"female"
0,10,15,"female"
0,11,15,"female"
0,12,15,"female"
0,13,15,"female"
0,14,15,"female"
0,15,15,"female"
0,16,15,"female"
0,17,15,"female"
0,18,15,"female"
0,19,15,"female"
0,20,15,"female"
0,21,15,"female"
0,22,15,"female"
0,23,15,"female"
0,24,15,"female"
0,25,15,"female"
0,26,15,"female"
0,27,15,"female"
0,28,15,"female"
0,29,15,"female"
0.0440297759574237,30,15,"female"
0.0440297759574237,31,15,"female"
0.0440297759574237,32,15,"female"
0.0440297759574237,33,15,"female"
0.0440297759574237,34,15,"female"
0.105197499179839,35,15,"female"
0.105197499179839,36,15,"female"
0.105197499179839,37,15,"female"
0.105197499179839,38,15,"female"
0.105197499179839,39,15,"female"
0.0992649189781458,40,15,"female"
0.0992649189781458,41,15,"female"
0.0992649189781458,42,15,"female"
0.0992649189781458,43,15,"female"
0.0992649189781458,44,15,"female"
0.0999552937204923,45,15,"female"
0.0999552937204923,46,15,"female"
0.0999552937204923,47,15,"female"
0.0999552937204923,48,15,"female"
0.0999552937204923,49,15,"female"
0.0799404013750894,50,15,"female"
0.0799404013750894,51,15,"female"
0.0761615514578661,52,15,"female"
0.0761615514578661,53,15,"female"
0.0761615514578661,54,15,"female"
0.031962433268605,55,15,"female"
0.031962433268605,56,15,"female"
0.0317451044618826,57,15,"female"
0.0317451044618826,58,15,"female"
0.0317451044618826,59,15,"female"
0.00483063290851511,60,15,"female"
0.00483063290851511,61,15,"female"
0.0048951535501084,62,15,"female"
0.0048951535501084,63,15,"female"
0.0048951535501084,64,15,"female"
0,65,15,"female"
0,66,15,"female"
0,67,15,"female"
0,68,15,"female"
0,69,15,"female"
0,70,15,"female"
0,71,15,"female"
0,72,15,"female"
0,73,15,"female"
0,74,15,"female"
0,75,15,"female"
0,76,15,"female"
0,77,15,"female"
0,78,15,"female"
0,79,15,"female"
0,80,15,"female"
0,81,15,"female"
0,82,15,"female"
0,83,15,"female"
0,84,15,"female"
0,85,15,"female"
0,86,15,"female"
0,87,15,"female"
0,88,15,"female"
0,89,15,"female"
0,90,15,"female"
0,91,15,"female"
0,92,15,"female"
0,93,15,"female"
0,94,15,"female"
0,95,15,"female"
0,96,15,"female"
0,97,15,"female"
0,98,15,"female"
0,99,15,"female"
0,100,15,"female"
0,1,16,"female"
0,2,16,"female"
0,3,16,"female"
0,4,16,"female"
0,5,16,"female"
0,6,16,"female"
0,7,16,"female"
0,8,16,"female"
0,9,16,"female"
0,10,16,"female"
0,11,16,"female"
0,12,16,"female"
0,13,16,"female"
0,14,16,"female"
0,15,16,"female"
0,16,16,"female"
0,17,16,"female"
0,18,16,"female"
0,19,16,"female"
0,20,16,"female"
0,21,16,"female"
0,22,16,"female"
0,23,16,"female"
0,24,16,"female"
0,25,16,"female"
0,26,16,"female"
0,27,16,"female"
0,28,16,"female"
0,29,16,"female"
0,30,16,"female"
0.0440297759574237,31,16,"female"
0.0440297759574237,32,16,"female"
0.0440297759574237,33,16,"female"
0.0440297759574237,34,16,"female"
0.0440297759574237,35,16,"female"
0.105197499179839,36,16,"female"
0.105197499179839,37,16,"female"
0.105197499179839,38,16,"female"
0.105197499179839,39,16,"female"
0.105197499179839,40,16,"female"
0.0992649189781458,41,16,"female"
0.0992649189781458,42,16,"female"
0.0992649189781458,43,16,"female"
0.0992649189781458,44,16,"female"
0.0992649189781458,45,16,"female"
0.0999552937204923,46,16,"female"
0.0999552937204923,47,16,"female"
0.0999552937204923,48,16,"female"
0.0999552937204923,49,16,"female"
0.0999552937204923,50,16,"female"
0.0799404013750894,51,16,"female"
0.0761615514578661,52,16,"female"
0.0761615514578661,53,16,"female"
0.0761615514578661,54,16,"female"
0.0761615514578661,55,16,"female"
0.031962433268605,56,16,"female"
0.0317451044618826,57,16,"female"
0.0317451044618826,58,16,"female"
0.0317451044618826,59,16,"female"
0.0317451044618826,60,16,"female"
0.00483063290851511,61,16,"female"
0.0048951535501084,62,16,"female"
0.0048951535501084,63,16,"female"
0.0048951535501084,64,16,"female"
0.0048951535501084,65,16,"female"
0,66,16,"female"
0,67,16,"female"
0,68,16,"female"
0,69,16,"female"
0,70,16,"female"
0,71,16,"female"
0,72,16,"female"
0,73,16,"female"
0,74,16,"female"
0,75,16,"female"
0,76,16,"female"
0,77,16,"female"
0,78,16,"female"
0,79,16,"female"
0,80,16,"female"
0,81,16,"female"
0,82,16,"female"
0,83,16,"female"
0,84,16,"female"
0,85,16,"female"
0,86,16,"female"
0,87,16,"female"
0,88,16,"female"
0,89,16,"female"
0,90,16,"female"
0,91,16,"female"
0,92,16,"female"
0,93,16,"female"
0,94,16,"female"
0,95,16,"female"
0,96,16,"female"
0,97,16,"female"
0,98,16,"female"
0,99,16,"female"
0,100,16,"female"
0,1,17,"female"
0,2,17,"female"
0,3,17,"female"
0,4,17,"female"
0,5,17,"female"
0,6,17,"female"
0,7,17,"female"
0,8,17,"female"
0,9,17,"female"
0,10,17,"female"
0,11,17,"female"
0,12,17,"female"
0,13,17,"female"
0,14,17,"female"
0,15,17,"female"
0,16,17,"female"
0,17,17,"female"
0,18,17,"female"
0,19,17,"female"
0,20,17,"female"
0,21,17,"female"
0,22,17,"female"
0,23,17,"female"
0,24,17,"female"
0,25,17,"female"
0,26,17,"female"
0,27,17,"female"
0,28,17,"female"
0,29,17,"female"
0,30,17,"female"
0,31,17,"female"
0.0440297759574237,32,17,"female"
0.0440297759574237,33,17,"female"
0.0440297759574237,34,17,"female"
0.0440297759574237,35,17,"female"
0.0440297759574237,36,17,"female"
0.105197499179839,37,17,"female"
0.105197499179839,38,17,"female"
0.105197499179839,39,17,"female"
0.105197499179839,40,17,"female"
0.105197499179839,41,17,"female"
0.0992649189781458,42,17,"female"
0.0992649189781458,43,17,"female"
0.0992649189781458,44,17,"female"
0.0992649189781458,45,17,"female"
0.0992649189781458,46,17,"female"
0.0999552937204923,47,17,"female"
0.0999552937204923,48,17,"female"
0.0999552937204923,49,17,"female"
0.0999552937204923,50,17,"female"
0.0999552937204923,51,17,"female"
0.0799404013750894,52,17,"female"
0.0761615514578661,53,17,"female"
0.0761615514578661,54,17,"female"
0.0761615514578661,55,17,"female"
0.0761615514578661,56,17,"female"
0.031962433268605,57,17,"female"
0.0317451044618826,58,17,"female"
0.0317451044618826,59,17,"female"
0.0317451044618826,60,17,"female"
0.0317451044618826,61,17,"female"
0.00483063290851511,62,17,"female"
0.0048951535501084,63,17,"female"
0.0048951535501084,64,17,"female"
0.0048951535501084,65,17,"female"
0.0048951535501084,66,17,"female"
0,67,17,"female"
0,68,17,"female"
0,69,17,"female"
0,70,17,"female"
0,71,17,"female"
0,72,17,"female"
0,73,17,"female"
0,74,17,"female"
0,75,17,"female"
0,76,17,"female"
0,77,17,"female"
0,78,17,"female"
0,79,17,"female"
0,80,17,"female"
0,81,17,"female"
0,82,17,"female"
0,83,17,"female"
0,84,17,"female"
0,85,17,"female"
0,86,17,"female"
0,87,17,"female"
0,88,17,"female"
0,89,17,"female"
0,90,17,"female"
0,91,17,"female"
0,92,17,"female"
0,93,17,"female"
0,94,17,"female"
0,95,17,"female"
0,96,17,"female"
0,97,17,"female"
0,98,17,"female"
0,99,17,"female"
0,100,17,"female"
